hotel_name,hotel_address,hotel_city,hotel_state,hotel_zipcode,hotel_phone
staystudio6 SANTA BARBARA - STATE STREET,3505 STATE ST,SANTA BARBARA,CA,93105,8056875400
staystudio6 SANTA BARBARA - BEACH,443 CORONA DEL MAR,SANTA BARBARA,CA,93103,8055641392
staystudio6 MORRO BAY,298 ATASCADERO RD,MORRO BAY,CA,93442,8059799808
staystudio6 MONTEREY,2124 N FREMONT ST,MONTEREY,CA,93940,8316468585
staystudio6 FRESNO - BLACKSTONE NORTH,4245 N BLACKSTONE AVE,FRESNO,CA,93726,5592210800
staystudio6 PALM SPRINGS EAST - EAST PALM CANYON,595 E PALM CANYON DR,PALM SPRINGS,CA,92264,7603256129
staystudio6 LOS ANGELES - ARCADIA - PASADENA AREA,225 COLORADO PL,ARCADIA,CA,91007,6264462660
staystudio6 SACRAMENTO DOWNTOWN,1415 30TH ST,SACRAMENTO,CA,95816,9164570777
staystudio6 SAN DIEGO HOTEL CIRCLE - MISSION VALLEY,2424 HOTEL CIRCLE N,SAN DIEGO,CA,92108,6192961612
staystudio6 SALT LAKE CITY DOWNTOWN,176 W 600 S,SALT LAKE CITY,UT,84101,8015311252
staystudio6 SANTA ROSA SOUTH CA,2760 CLEVELAND AVE,SANTA ROSA,CA,95403,7075461500
staystudio6 RENO - VIRGINIA PLUMB,1901 S VIRGINIA ST,RENO,NV,89502,7758270255
staystudio6 PHOENIX EAST,5315 E VAN BUREN ST,PHOENIX,AZ,85008,6022678555
staystudio6 WALNUT CREEK,2389 N MAIN ST,WALNUT CREEK,CA,94596,9259354010
staystudio6 SUNNYVALE SOUTH,806 WEST AHWANEE AVE,SUNNYVALE,CA,94085,4087201222
staystudio6 LOS ANGELES - EL MONTE,3429 PECK RD,EL MONTE,CA,91731,6264486660
staystudio6 PHOENIX SUN CITY - YOUNGTOWN,11133 GRAND AVE,YOUNGTOWN,AZ,85363,6239771318
staystudio6 GILROY,6110 MONTEREY ROAD,GILROY,CA,95020,4088426061
staystudio6 SANTA BARBARA - GOLETA,5897 CALLE REAL,GOLETA,CA,93117,8059643596
staystudio6 SCOTTSDALE,6848 E CAMELBACK RD,SCOTTSDALE,AZ,85251,4809462280
staystudio6 DENVER - LAKEWOOD,480 WADSWORTH BLVD,LAKEWOOD,CO,80226,3032324924
staystudio6 COLORADO SPRINGS,3228 N CHESTNUT ST,COLORADO SPRINGS,CO,80907,7195205400
staystudio6 EVERETT NORTH,10006 EVERGREEN WAY,EVERETT,WA,98204,4253472060
staystudio6 EUGENE SOUTH - SPRINGFIELD,3690 GLENWOOD DR,EUGENE,OR,97403,5416872395
staystudio6 BELLINGHAM,3701 BYRON AVENUE,BELLINGHAM,WA,98225,3606714494
staystudio6 PORTLAND SOUTH - LAKE OSWEGO - TIGARD,17950 SW MCEWAN RD,TIGARD,OR,97224,5036202066
staystudio6 CAMARILLO,1641 E DAILY DR,CAMARILLO,CA,93010,8053883467
staystudio6 FT LAUDERDALE,1801 SR 84 WEST,FT LAUDERDALE,FL,33315,9547607999
staystudio6 IDAHO FALLS,1448 W BROADWAY ST,IDAHO FALLS,ID,83402,2085220112
staystudio6 UKIAH,1208 S STATE ST,UKIAH,CA,95482,7074685404
staystudio6 BUELLTON - SOLVANG AREA,333 MCMURRAY RD,BUELLTON,CA,93427,8056887797
staystudio6 LAS VEGAS - TROPICANA,195 E TROPICANA AVE,LAS VEGAS,NV,89109,7027980728
staystudio6 PORTLAND CENTRAL,3104-06 SE POWELL BLVD,PORTLAND,OR,97202,5032380600
staystudio6 COCOA BEACH,3701 N ATLANTIC AVE,COCOA BEACH,FL,32931,3217833103
staystudio6 NOGALES,141 W MARIPOSA RD,NOGALES,AZ,85621,5202812951
staystudio6 TUMWATER - OLYMPIA,400 LEE ST SW,TUMWATER,WA,98501,3607547320
staystudio6 ABILENE,4951 W STAMFORD ST,ABILENE,TX,79603,3256728462
staystudio6 MEDFORD SOUTH,950 ALBA DR,MEDFORD,OR,97504,5417734290
staystudio6 TACOMA - FIFE,5201 20TH ST E,FIFE,WA,98424,2539221270
staystudio6 REDDING CENTRAL,1640 HILLTOP DR,REDDING,CA,96002,5302211800
staystudio6 SAN YSIDRO - SAN DIEGO - BORDER,160 E CALLE PRIMERA,SAN YSIDRO,CA,92173,6196906663
staystudio6 BOISE - AIRPORT,2323 AIRPORT WAY,BOISE,ID,83705,2083443506
staystudio6 SAN JOSE SOUTH,2560 FONTAINE RD,SAN JOSE,CA,95121,4082703131
staystudio6 PALM DESERT - PALM SPRINGS AREA,78100 VARNER RD,PALM DESERT,CA,92211,7603450550
staystudio6 CHICO,665 MANZANITA CT,CHICO,CA,95926,5303455500
staystudio6 OGDEN,1455 WASHINGTON BLVD,OGDEN,UT,84404,8016274560
staystudio6 AUSTIN SOUTH - AIRPORT,2707 INTERREGIONAL HWY S,AUSTIN,TX,78741,5124445882
staystudio6 NORTH PLATTE,1520 S JEFFERS ST,NORTH PLATTE,NE,69101,3085346200
staystudio6 SAN LUIS OBISPO NORTH,1433 CALLE JOAQUIN,SAN LUIS OBISPO,CA,93405,8055499595
staystudio6 LAREDO SOUTH,5310 SAN BERNARDO AVE,LAREDO,TX,78041,9567258187
staystudio6 WESTMINSTER SOUTH - LONG BEACH AREA,6266 WESTMINSTER BLVD,WESTMINSTER,CA,92683,7148915366
staystudio6 SANTA FE,3007 CERRILLOS RD,SANTA FE,NM,87507,5054731380
staystudio6 PRESCOTT,1111 E SHELDON STREET,PRESCOTT,AZ,86301,9287760160
staystudio6 SIMI VALLEY,2566 N ERRINGER RD,SIMI VALLEY,CA,93065,8055263533
staystudio6 BISMARCK,2433 STATE ST,BISMARCK,ND,58503,7012556878
staystudio6 BILLINGS - SOUTH,5400 MIDLAND RD,BILLINGS,MT,59102,4062520093
staystudio6 CHARLESTON SOUTH SC,2058 SAVANNAH HWY,CHARLESTON,SC,29407,8435565144
staystudio6 SALT LAKE CITY WEST - AIRPORT,1990 WEST NORTH TEMPLE,SALT LAKE CITY,UT,84116,8013641053
staystudio6 LOS ANGELES - ROSEMEAD,1001 SAN GABRIEL BLVD,ROSEMEAD,CA,91770,6265726076
staystudio6 WOODLAND - SACRAMENTO AREA,1564 E MAIN ST,WOODLAND,CA,95776,5306666777
staystudio6 RENO WEST,1400 STARDUST ST,RENO,NV,89503,7757477390
staystudio6 OWENSBORO,4585 FREDERICA ST,OWENSBORO,KY,42301,2706868606
staystudio6 MCALLEN,700 W EXPRESSWAY 83,MCALLEN,TX,78501,9566873700
staystudio6 Ventura Beach,2145 E HARBOR BLVD,VENTURA,CA,93001,8056435100
staystudio6 KLAMATH FALLS,5136 S 6TH ST,KLAMATH FALLS,OR,97603,5418842110
staystudio6 CORPUS CHRISTI NORTHWEST,845 LANTANA ST,CORPUS CHRISTI,TX,78408,3612899397
staystudio6 VACAVILLE,107 LAWRENCE DR,VACAVILLE,CA,95687,7074475550
staystudio6 SAN BERNARDINO SOUTH,111 W REDLANDS BLVD,SAN BERNARDINO,CA,92408,9098256666
staystudio6 SOUTH LAKE TAHOE,2375 LAKE TAHOE BLVD,SOUTH LAKE TAHOE,CA,96150,5305421400
staystudio6 FONTANA,10195 SIERRA AVE,FONTANA,CA,92335,9098238686
staystudio6 STANTON,7450 KATELLA AVE,STANTON,CA,90680,7148910717
staystudio6 LOS ANGELES - WHITTIER,8221 S PIONEER BLVD,WHITTIER,CA,90606,5626929101
staystudio6 GRANTS PASS,1800 NE. 7TH ST,GRANTS PASS,OR,97526,5414741331
staystudio6 ARCATA - HUMBOLDT UNIVERSITY,4755 VALLEY WEST BLVD,ARCATA,CA,95521,7078227061
staystudio6 BAKERSFIELD SOUTH,2727 WHITE LN,BAKERSFIELD,CA,93304,6618342828
staystudio6 SANTA CLARA,3208 EL CAMINO REAL,SANTA CLARA,CA,95051,4082410200
staystudio6 TULARE,1111 N BLACKSTONE DR,TULARE,CA,93274,5596861611
staystudio6 PISMO BEACH,860 4TH ST,PISMO BEACH,CA,93449,8059799809
staystudio6 COEUR D'ALENE,610 WEST APPLEWAY AVE,COEUR D'ALENE,ID,83814,2086646600
staystudio6 MAMMOTH LAKES,3372 MAIN ST PO BOX 1260,MAMMOTH LAKES,CA,93546,7609046991
staystudio6 TRACY,3810 N TRACY BLVD,TRACY,CA,95304,2098364900
staystudio6 PORTERVILLE,935 W MORTON AVE,PORTERVILLE,CA,93257,5597817600
staystudio6 DAVIS - SACRAMENTO AREA,4835 CHILES RD,DAVIS,CA,95616,5307533777
staystudio6 TURLOCK,250 S WALNUT AVE,TURLOCK,CA,95380,2096674100
staystudio6 KALISPELL,1540 US 93 S,KALISPELL,MT,59901,4069523206
staystudio6 CHEYENNE,1735 WESTLAND RD,CHEYENNE,WY,82001,3076356806
staystudio6 PALMDALE,407 W PALMDALE BLVD,PALMDALE,CA,93551,6612720660
staystudio6 FORT COLLINS,3900 E MULBERRY ST,FORT COLLINS,CO,80524,9704826466
staystudio6 SANTA NELLA - LOS BANOS - INTERSTATE 5,12733 SOUTH HWY 33,SANTA NELLA VILLAGE,CA,95322,2092214122
staystudio6 SEATTLE EAST - ISSAQUAH,1885 15TH PLACE NW,ISSAQUAH,WA,98027,4253928405
staystudio6 LUBBOCK,909 66TH ST,LUBBOCK,TX,79412,8067455541
staystudio6 FLAGSTAFF - BUTLER AVENUE,2010 E BUTLER AVE,FLAGSTAFF,AZ,86004,9287741801
staystudio6 DENVER - AIRPORT,12020 E 39TH AVE,DENVER,CO,80239,3033711980
staystudio6 INDIO - PALM SPRINGS AREA,82195 INDIO BLVD,INDIO,CA,92201,7603426311
staystudio6 PUEBLO - I-25,4103 N ELIZABETH ST,PUEBLO,CO,81008,7195436221
staystudio6 JACKSON WY,600 S HWY 89,JACKSON,WY,83001,3077331620
staystudio6 FT STOCKTON,3001 W DICKINSON BLVD,FT STOCKTON,TX,79735,4323369737
staystudio6 TWIN FALLS,1472 BLUE LAKES BLVD N,TWIN FALLS,ID,83301,2087343993
staystudio6 HUNTSVILLE TX,122 I-45,HUNTSVILLE,TX,77340,9362916927
staystudio6 GALVESTON,7404 AVENUE J,GALVESTON,TX,77554,4097403794
staystudio6 PHOENIX NORTH BELL ROAD,2330 W BELL RD,PHOENIX,AZ,85023,6029932353
staystudio6 SANTA BARBARA - CARPINTERIA NORTH,4200 VIA REAL,CARPINTERIA,CA,93013,8056846921
staystudio6 BROWNSVILLE,2255 NORTH EXPRESSWAY,BROWNSVILLE,TX,78520,9565464699
staystudio6 PENDLETON,325 SE NYE AVE,PENDLETON,OR,97801,5412763160
staystudio6 ATASCADERO,9400 EL CAMINO REAL,ATASCADERO,CA,93422,8054666701
staystudio6 RAPID CITY,620 LATROBE AVE,RAPID CITY,SD,57701,6052210166
staystudio6 AUSTIN NORTH,9420 I-35 N,AUSTIN,TX,78753,5123396161
staystudio6 COLLEGE STATION - BRYAN,2327 TEXAS AVE S,COLLEGE STATION,TX,77840,9796963379
staystudio6 VENICE FL,281 US 41 BYPASS NORTH,VENICE,FL,34285,9414858255
staystudio6 BIG BEAR,42899 BIG BEAR BLVD,BIG BEAR LAKE,CA,92315,9095856666
staystudio6 POMPANO BEACH,1201 NW 31ST AVE,POMPANO BEACH,FL,33069,9549778011
staystudio6 DANIA BEACH,825 E DANIA BEACH BLVD,DANIA BEACH,FL,33004,9549215505
staystudio6 MESA NORTH,336 W HAMPTON AVE,MESA,AZ,85210,4808448899
staystudio6 CENTRALIA,1310 BELMONT AVE,CENTRALIA,WA,98531,3603302057
staystudio6 ROCK SPRINGS,2615 COMMERCIAL WAY,ROCK SPRINGS,WY,82901,3073621850
staystudio6 RIVERSIDE WEST - JURUPA VALLEY,6830 VALLEY WAY,JURUPA VALLEY,CA,92509,9092698521
staystudio6 CASPER,1150 WILKINS CIRCLE,CASPER,WY,82601,3072123031
staystudio6 PORTLAND EAST - TROUTDALE,1610 NW FRONTAGE RD,TROUTDALE,OR,97060,5036652254
staystudio6 CORPUS CHRISTI EAST - NORTH PADRE ISLAND,8202 S PADRE ISLAND DR,CORPUS CHRISTI,TX,78412,3619918858
staystudio6 JACKSONVILLE - ORANGE PARK,6107 YOUNGERMAN CIRCLE,JACKSONVILLE,FL,32244,9047776100
staystudio6 EUGENE NORTH - SPRINGFIELD,3752 INTERNATIONAL CT,SPRINGFIELD,OR,97477,5417411105
staystudio6 DENVER - THORNTON,6 W 83RD PL,THORNTON,CO,80221,3034291550
staystudio6 ODESSA,200 E I-20 SERVICE ROAD,ODESSA,TX,79766,4322728702
staystudio6 ORLANDO - KISSIMMEE MAIN GATE EAST,5731 W IRLO BRONSON HWY,KISSIMMEE,FL,34746,4073966333
staystudio6 CARLSBAD BEACH,750 RAINTREE DR,CARLSBAD,CA,92011,7604310745
staystudio6 SALT LAKE CITY SOUTH - MIDVALE,7263 S CATALPA ST,MIDVALE,UT,84047,8015610058
staystudio6 SAN BERNARDINO NORTH,1960 OSTREMS WAY,SAN BERNARDINO,CA,92407,9098878191
staystudio6 WATSONVILLE - MONTEREY AREA,125 SILVER LEAF DR,WATSONVILLE,CA,95076,8317284144
staystudio6 HOUSTON - NASA,1001 W NASA PARKWAY,WEBSTER,TX,77598,2813324581
staystudio6 SALINAS SOUTH - MONTEREY AREA,1257 DE LA TORRE BLVD,SALINAS,CA,93905,8317573077
staystudio6 CHARLESTON NORTH SC,2551 ASHLEY PHOSPHATE RD,NORTH CHARLESTON,SC,29418,8435726590
staystudio6 SAN ANTONIO WEST - SEAWORLD,2185 SW LOOP 410,SAN ANTONIO,TX,78227,2106739020
staystudio6 PITTSBURGH - CRAFTON,211 BEECHAM DRIVE,PITTSBURGH,PA,15205,4129229400
staystudio6 REDDING NORTH,1250 TWIN VIEW BLVD,REDDING,CA,96003,5302464470
staystudio6 SANTA MARIA,2040 N PREISKER LN,SANTA MARIA,CA,93454,8059288111
staystudio6 LAKELAND,3120 US 98 N,LAKELAND,FL,33805,8636820643
"staystudio6 BRADENTON, FL",660 67TH ST CIRCLE E,BRADENTON,FL,34208,9417476005
staystudio6 OCEANSIDE,3708 PLAZA DR,OCEANSIDE,CA,92056,7609411011
staystudio6 SEATTLE NORTH - KIRKLAND,12010 120TH PLACE NE,KIRKLAND,WA,98034,4258215618
staystudio6 LANTANA,1310 W LANTANA RD,LANTANA,FL,33462,5615855833
staystudio6 PALM SPRINGS DOWNTOWN,660 S PALM CANYON DR,PALM SPRINGS,CA,92264,7603274200
staystudio6 CORONA,200 N LINCOLN AVE,CORONA,CA,92882,9517356408
staystudio6 HAMMOND - CHICAGO AREA,3840 179TH ST,HAMMOND,IN,46324,2198450330
staystudio6 PHOENIX WEST,1530 N 52ND DR,PHOENIX,AZ,85043,6022720220
staystudio6 NASHVILLE - GOODLETTSVILLE,323 CARTWRIGHT ST,GOODLETTSVILLE,TN,37072,6158599674
staystudio6 TACOMA SOUTH,1811 S 76TH ST,TACOMA,WA,98408,2534737100
staystudio6 SANTA ANA,1623 E 1ST ST,SANTA ANA,CA,92701,7145580500
staystudio6 SEATTLE SOUTH,20651 MILITARY RD,SEATTLE,WA,98198,2068249902
staystudio6 MEDFORD NORTH,2400 BIDDLE RD,MEDFORD,OR,97504,5417790550
staystudio6 RENO AIRPORT - SPARKS,2405 VICTORIAN AVE,SPARKS,NV,89431,7753581080
staystudio6 ALBUQUERQUE - COORS ROAD,6015 ILIFF RD NW,ALBUQUERQUE,NM,87121,5058313400
staystudio6 TEMECULA - HISTORIC OLD TOWN,41900 MORENO RD,TEMECULA,CA,92590,9516767199
staystudio6 WASHINGTON DC NORTHEAST - LAUREL,3510 OLD ANNAPOLIS RD,LAUREL,MD,20724,3014971544
staystudio6 MINNEAPOLIS NORTH - ROSEVILLE,2300 CLEVELAND AVE N,ROSEVILLE,MN,55113,6516393988
staystudio6 ELKTON MD,223 BELLE HILL RD,ELKTON,MD,21921,4103925020
staystudio6 CHICAGO NORTHWEST - ROLLING MEADOWS,1800 WINNETKA CIRCLE,ROLLING MEADOWS,IL,60008,8478188088
staystudio6 ORLANDO - WINTER PARK,5300 ADANSON RD,ORLANDO,FL,32810,4076471444
staystudio6 FLAGSTAFF WEST - WOODLAND VILLAGE,2745 S WOODLANDS VILLAGE,FLAGSTAFF,AZ,86001,9287793757
staystudio6 SACRAMENTO CENTRAL,7850 COLLEGE TOWN DR,SACRAMENTO,CA,95826,9163838110
staystudio6 ANAHEIM - FULLERTON EAST,1440 N STATE COLLEGE BLV,ANAHEIM,CA,92806,7149569690
staystudio6 SAN JOSE AIRPORT,2081 N 1ST ST,SAN JOSE,CA,95131,4084368180
staystudio6 LOS ANGELES - BALDWIN PARK,14510 GARVEY AVE,BALDWIN PARK,CA,91706,6269605011
staystudio6 LOS ANGELES - HARBOR CITY,820 W SEPULVEDA BLVD,HARBOR CITY,CA,90710,3105499560
staystudio6 LOS ANGELES - ROWLAND HEIGHTS - POMONA,18970 E LABIN CT,ROWLAND HEIGHTS,CA,91748,6269645333
staystudio6 DENVER WEST WHEAT RIDGE - NORTH,9920 W 49TH AVE,WHEAT RIDGE,CO,80033,3034240658
staystudio6 OAKLAND AIRPORT,8480 EDES AVE,OAKLAND,CA,94621,5106381180
staystudio6 BAKERSFIELD EAST,8223 E BRUNDAGE LN,BAKERSFIELD,CA,93307,6613667231
staystudio6 HARTFORD - SOUTHINGTON,625 QUEEN ST,SOUTHINGTON,CT,06489,8606217351
staystudio6 SAN DIEGO NORTH,5592 CLAIREMONT MESA BLV,SAN DIEGO,CA,92117,8582689758
staystudio6 CHINO - LOS ANGELES AREA,12266 CENTRAL AVE,CHINO,CA,91710,9095913877
staystudio6 CARLSBAD - VILLAGE,1006 CARLSBAD VILLAGE DR,CARLSBAD,CA,92008,7604347135
staystudio6 CHICAGO O'HARE - SCHILLER PARK,9408 LAWRENCE AVE,SCHILLER PARK,IL,60176,8476714282
staystudio6 HARTFORD - WETHERSFIELD,1341 SILAS DEANE HIGHWAY,WETHERSFIELD,CT,06109,8605635900
staystudio6 MONTEREY - MARINA,100 RESERVATION RD,MARINA,CA,93933,8313841000
staystudio6 MESA SOUTH,1511 S COUNTRY CLUB DR,MESA,AZ,85210,4808340066
staystudio6 YUMA EAST,1445 E 16TH ST,YUMA,AZ,85365,9287829521
staystudio6 LOS ANGELES - SAN DIMAS,502 W ARROW HWY,SAN DIMAS,CA,91773,9095925631
staystudio6 FAIRFIELD NORTH CA,1473 HOLIDAY LN,FAIRFIELD,CA,94534,7074254565
staystudio6 SAN DIEGO - CHULA VISTA,745 E ST,CHULA VISTA,CA,91910,6194224200
staystudio6 ROHNERT PARK,6145 COMMERCE BLVD,ROHNERT PARK,CA,94928,7075858888
staystudio6 CHICAGO NORTH - GLENVIEW,1535 MILWAUKEE AVE,GLENVIEW,IL,60025,8473907200
staystudio6 SAN DIEGO - EL CAJON,550 MONTROSE CT,EL CAJON,CA,92020,6195886100
staystudio6 SACRAMENTO SOUTH,7407 ELSIE AVE,SACRAMENTO,CA,95828,9166896555
staystudio6 FREMONT NORTH,34047 FREMONT BLVD,FREMONT,CA,94555,5107934848
staystudio6 ESCONDIDO,900 N QUINCE ST,ESCONDIDO,CA,92025,7607459252
staystudio6 CHICAGO NORTH CENTRAL - ARLINGTON HGTS,441 W ALGONQUIN RD,ARLINGTON HEIGHTS,IL,60005,8478061230
staystudio6 PINOLE,1501 FITZGERALD DR,PINOLE,CA,94564,5102228174
staystudio6 VENTURA SOUTH,3075 JOHNSON DR,VENTURA,CA,93003,8056500080
staystudio6 BUENA PARK KNOTTS BERRY FARM DISNEYLAND,7051 VALLEY VIEW ST,BUENA PARK,CA,90620,7145221200
staystudio6 SUNNYVALE NORTH,775 N MATHILDA AVE,SUNNYVALE,CA,94086,4087364595
staystudio6 SPRINGFIELD - CHICOPEE,36 JOHNNY CAKE HOLLOW RD,CHICOPEE,MA,01020,4135925141
staystudio6 LEOMINSTER,48 COMMERCIAL ROAD,LEOMINSTER,MA,01453,9785378161
staystudio6 NASHUA,2 PROGRESS AVENUE,NASHUA,NH,03062,6038894151
staystudio6 ANAHEIM MAINGATE,100 WEST DISNEY WAY,ANAHEIM,CA,92802,7145209696
staystudio6 TALLAHASSEE - DOWNTOWN,1027 APALACHEE PKWY,TALLAHASSEE,FL,32301,8508776171
staystudio6 NORFOLK,853 N MILITARY HWY,NORFOLK,VA,23502,7574612380
staystudio6 BOSTON NORTH - DANVERS,65 NEWBURY STREET,DANVERS,MA,01923,9787748045
staystudio6 OAKLAND - EMBARCADERO,1801 EMBARCADERO,OAKLAND,CA,94606,5104360103
staystudio6 ORLANDO - INTERNATIONAL DR,5909 AMERICAN WAY,ORLANDO,FL,32819,4073516500
staystudio6 EAST BRUNSWICK,244 SR 18,EAST BRUNSWICK,NJ,08816,7323904545
staystudio6 OGDEN RIVERDALE,1500 WEST RIVERDALE ROAD,OGDEN,UT,84405,8016272880
staystudio6 PISCATAWAY,1012 STELTON ROAD,PISCATAWAY,NJ,08854,7329819200
staystudio6 TWENTYNINE PALMS,72562 TWENTYNINE PALMS H,TWENTYNINE PALMS,CA,92277,7609046992
"staystudio6 Lansing, MI",7326 W SAGINAW HWY,LANSING,MI,48917,5173211444
staystudio6 DETROIT NORTHEAST - MADISON HEIGHTS,32700 BARRINGTON RD,MADISON HEIGHTS,MI,48071,2485830500
staystudio6 CLEVELAND - MIDDLEBURG HEIGHTS,7219 ENGLE RD,MIDDLEBURG HEIGHTS,OH,44130,4402340990
staystudio6 BILOXI - BEACH,2476 BEACH BLVD,BILOXI,MS,39531,2283882601
staystudio6 KINGMAN - ROUTE 66 WEST,424 W BEALE ST,KINGMAN,AZ,86401,9288645705
staystudio6 AUSTIN CENTRAL - SOUTH - UNIV OF TX,5330 N INTERREGIONAL HWY,AUSTIN,TX,78751,5124679111
staystudio6 SAN ANTONIO DOWNTOWN - MARKET SQUARE,211 N PECOS LA TRINIDAD,SAN ANTONIO,TX,78207,2102251111
staystudio6 SAN ANTONIO NORTHWEST - MEDICAL CENTER,9400 WURZBACH RD,SAN ANTONIO,TX,78240,2105930013
staystudio6 HOUSTON - NRG STADIUM,3223 SOUTH LOOP W,HOUSTON,TX,77025,7136646425
staystudio6 TUCSON NORTH,7277 N CAMINO DE OESTE,TUCSON,AZ,85742,5207449300
staystudio6 DALLAS - DUNCANVILLE,202 JELLISON BLVD,DUNCANVILLE,TX,75116,9722960345
staystudio6 HOUSTON - BAYTOWN EAST,8911 N HIGHWAY 146,BAYTOWN,TX,77523,2816916650
staystudio6 WESTMINSTER NORTH,13100 GOLDENWEST ST,WESTMINSTER,CA,92683,7148950042
staystudio6 HOUSTON  TX - WEST,14833 KATY FREEWAY,HOUSTON,TX,77094,2814975000
staystudio6 LEXINGTON EAST,2260 ELKHORN RD,LEXINGTON,KY,40505,8592931431
staystudio6 ST JOSEPH,4021 FREDERICK BLVD,ST JOSEPH,MO,64506,8162322311
staystudio6 BILLINGS - NORTH,5353 MIDLAND ROAD,BILLINGS,MT,59101,4062487551
staystudio6 OMAHA EAST - COUNCIL BLUFFS,3032 S EXPRESSWAY ST,COUNCIL BLUFFS,IA,51501,7123662405
staystudio6 DENVER CENTRAL - FEDERAL BOULEVARD,3050 W 49TH AVE,DENVER,CO,80221,3034558888
staystudio6 FLAGSTAFF EAST - LUCKY LANE,2440 E LUCKY LN,FLAGSTAFF,AZ,86004,9287748756
staystudio6 PHOENIX TEMPE - PRIEST DR,1720 S PRIEST DR,TEMPE,AZ,85281,4809684401
staystudio6 BALTIMORE - BWI AIRPORT,5179 RAYNOR AVE,LINTHICUM HEIGHTS,MD,21090,4106369070
staystudio6 SALT LAKE CITY NORTH - WOODS CROSS,2433 S 800 W,WOODS CROSS,UT,84087,8012980289
staystudio6 FT PIERCE,2500 PETERS RD,FT PIERCE,FL,34945,7724619937
staystudio6 SAN SIMEON - HEARST CASTLE AREA,9070 CASTILLO DR,SAN SIMEON,CA,93452,8059278691
staystudio6 MINNEAPOLIS SOUTH - LAKEVILLE,11274  210TH ST W,LAKEVILLE,MN,55044,9524691900
staystudio6 COOS BAY,1445 N BAYSHORE DR,COOS BAY,OR,97420,5412677171
"staystudio6 Ann Arbor, MI",3764 S STATE ST,ANN ARBOR,MI,48108,7346659900
staystudio6 BOSTON WEST - FRAMINGHAM,1668 WORCESTER ROAD,FRAMINGHAM,MA,01702,5086200500
staystudio6 SAN FRANCISCO - REDWOOD CITY,1101 SHOREWAY RD,BELMONT,CA,94002,6505911471
staystudio6 IRVINE - ORANGE COUNTY AIRPORT,1717 EAST DYER ROAD,SANTA ANA,CA,92705,9492611515
"staystudio6 Hagerstown, MD",11321 MASSEY BLVD,HAGERSTOWN,MD,21740,3015824445
staystudio6 LOS ANGELES LAX,5101 W CENTURY BLVD,INGLEWOOD,CA,90304,3104191234
staystudio6 PALM SPRINGS NORTH,63950 20TH AVE,NORTH PALM SPRINGS,CA,92258,7609046993
staystudio6 PHILADELPHIA AIRPORT - ESSINGTON,43 INDUSTRIAL HIGHWAY,ESSINGTON,PA,19029,6105216650
staystudio6 YORK NORTH,125 ARSENAL ROAD,YORK,PA,17404,7178438181
staystudio6 CHICAGO WEST - VILLA PARK,10 W ROOSEVELT RD,VILLA PARK,IL,60181,6309419100
staystudio6 PORTLAND ME,ONE RIVERSIDE STREET,PORTLAND,ME,04103,2077750111
staystudio6 PHILADELPHIA - KING OF PRUSSIA,815 WEST DEKALB PIKE,KING OF PRUSSIA,PA,19406,6102657200
staystudio6 DALLAS - LEWISVILLE,1705 LAKEPOINTE DR,LEWISVILLE,TX,75057,9724365008
staystudio6 PROVIDENCE EAST,821 FALL RIVER AVENUE,SEEKONK,MA,02771,5083367800
staystudio6 ALBUQUERQUE NORTH,8510 PAN AMERICAN FWY NE,ALBUQUERQUE,NM,87113,5058211472
staystudio6 PALM BAY,1170 MALABAR RD SE,PALM BAY,FL,32907,3219518222
"staystudio6 Duluth, MN",200 S 27TH AVE W,DULUTH,MN,55806,2187231123
staystudio6 DENVER EAST - AURORA,14031 E ILIFF AVE,AURORA,CO,80014,3038730286
staystudio6 CHICAGO JOLIET - I-55,3551 MALL LOOP DRIVE,JOLIET,IL,60431,8154391332
staystudio6 BUFFALO - AMHERST,4400 MAPLE ROAD,AMHERST,NY,14226,7168342231
staystudio6 PHOENIX TEMPE - BROADWAY - ASU,513 W BROADWAY RD,TEMPE,AZ,85282,4809678696
staystudio6 SACRAMENTO - OLD SACRAMENTO NORTH,227 JIBBOOM ST,SACRAMENTO,CA,95814,9164410733
staystudio6 SACRAMENTO NORTH,5110 INTERSTATE AVE,SACRAMENTO,CA,95842,9163318100
staystudio6 LOS ANGELES - HACIENDA HEIGHTS,1154 S 7TH AVE,HACIENDA HEIGHTS,CA,91745,6269689462
staystudio6 SAN JOSE - CAMPBELL,1240 CAMDEN AVE,CAMPBELL,CA,95008,4083718870
staystudio6 PLEASANTON,5102 HOPYARD RD,PLEASANTON,CA,94588,9254632626
staystudio6 LOS ANGELES - NORWALK,10646 ROSECRANS AVE,NORWALK,CA,90650,5628642567
staystudio6 LOS ANGELES - LONG BEACH,5665 E 7TH ST,LONG BEACH,CA,90804,5625971311
staystudio6 SCOTTSDALE SOUTH,1612 N SCOTTSDALE RD,TEMPE,AZ,85281,4809459506
staystudio6 VALLEJO - SIX FLAGS WEST,1455 ENTERPRISE ST,VALLEJO,CA,94589,7076437611
staystudio6 SACRAMENTO - RANCHO CORDOVA EAST,10694 OLSON DR,RANCHO CORDOVA,CA,95670,9166358784
staystudio6 SAN DIEGO - LA MESA,7621 ALVARADO RD,LA MESA,CA,91941,6194647151
staystudio6 MODESTO,1920 W ORANGEBURG AVE,MODESTO,CA,95350,2095227271
staystudio6 BAKERSFIELD CONVENTION CENTER,1350 EASTON DR,BAKERSFIELD,CA,93309,6613271686
staystudio6 STOCKTON NORTH,6717 PLYMOUTH RD,STOCKTON,CA,95207,2099518120
staystudio6 LAS VEGAS - I-15,5085 S DEAN MARTIN DR,LAS VEGAS,NV,89118,7027396747
staystudio6 FRESNO - BLACKSTONE SOUTH,4080 N BLACKSTONE AVE,FRESNO,CA,93726,5592222431
staystudio6 HAYWARD,30155 INDUSTRIAL PKWY SW,HAYWARD,CA,94544,5104898333
staystudio6 PHOENIX AIRPORT - 24TH STREET,214 S 24TH ST,PHOENIX,AZ,85034,6022441155
staystudio6 EVERETT SOUTH,224 128TH ST SW,EVERETT,WA,98204,4253538120
staystudio6 STOCKTON - CHARTER WAY WEST,817 NAVY DR,STOCKTON,CA,95206,2099460923
staystudio6 SEATTLE AIRPORT,16500 PACIFIC HWY S,SEATTLE,WA,98188,2062464101
staystudio6 LOS ANGELES - VAN NUYS - NORTH HILLS,15711 ROSCOE BLVD,NORTH HILLS,CA,91343,8188949341
staystudio6 ALBUQUERQUE - CARLISLE,3400 PROSPECT AVE NE,ALBUQUERQUE,NM,87107,5058838813
staystudio6 DALLAS - IRVING,510 SOUTH LOOP 12,IRVING,TX,75060,9724384227
staystudio6 LANCASTER,43540 17TH ST W,LANCASTER,CA,93534,6619480435
staystudio6 LAS VEGAS - BOULDER HWY,4125 BOULDER HWY,LAS VEGAS,NV,89121,7024578051
staystudio6 SACRAMENTO WEST,1254 HALYARD DR,WEST SACRAMENTO,CA,95691,9163723624
staystudio6 EUREKA,1934 BROADWAY ST,EUREKA,CA,95501,7074459631
staystudio6 SALEM,1401 HAWTHORNE AVE NE,SALEM,OR,97301,5033718024
staystudio6 PALM SPRINGS - RANCHO MIRAGE,69570 HWY 111,RANCHO MIRAGE,CA,92270,7603248475
staystudio6 DALLAS - EULESS,110 W AIRPORT FWY,EULESS,TX,76039,8175450141
staystudio6 PORTLAND - TIGARD WEST OR,17959 SW MCEWAN ROAD,TIGARD,OR,97224,5036840760
staystudio6 COSTA MESA,1441 GISLER AVE,COSTA MESA,CA,92626,7149573063
staystudio6 ALBUQUERQUE SOUTH - AIRPORT,1000 AVE CESAR CHAVEZ SE,ALBUQUERQUE,NM,87102,5052438017
staystudio6 SAN ANTONIO - FT SAM HOUSTON,5522 N PANAM EXPWY,SAN ANTONIO,TX,78218,2106618791
staystudio6 CARLSBAD EAST CA,6117 PASEO DEL NORTE,CARLSBAD,CA,92011,7604381242
staystudio6 SANTA BARBARA - CARPINTERIA SOUTH,5550 CARPINTERIA AVE,CARPINTERIA,CA,93013,8056848602
staystudio6 COALINGA EAST,25008 W DORRIS AVE,COALINGA,CA,93210,5599351536
staystudio6 AMARILLO - AIRPORT,4301 I-40 EAST,AMARILLO,TX,79104,8063733045
staystudio6 LIVERMORE,4673 LASSEN RD,LIVERMORE,CA,94550,9254435300
"staystudio6 Thousand Oaks, CA",1516 NEWBURY RD,NEWBURY PARK,CA,91320,8054990711
staystudio6 SANTA ROSA NORTH CA,3145 CLEVELAND AVE,SANTA ROSA,CA,95403,7075360207
staystudio6 SANTA FE - CERRILLOS ROAD SOUTH,3695 CERRILLOS ROAD,SANTA FE,NM,87505,5054714140
staystudio6 LOMPOC,1521 N H ST,LOMPOC,CA,93436,8057357631
staystudio6 EL PASO EAST,1330 LOMALAND DR,EL PASO,TX,79935,9155926386
staystudio6 LOS ANGELES - POMONA,2470 S GAREY AVE,POMONA,CA,91766,9095911871
staystudio6 SALINAS NORTH - MONTEREY AREA,140 KERN ST,SALINAS,CA,93905,8317531711
staystudio6 PETALUMA,1368 N MCDOWELL BLVD,PETALUMA,CA,94954,7077650333
staystudio6 REDDING SOUTH,2385 BECHELLI LN,REDDING,CA,96002,5302210562
staystudio6 PASO ROBLES,1134 BLACK OAK DR,PASO ROBLES,CA,93446,8052399090
staystudio6 SAN LUIS OBISPO SOUTH,1625 CALLE JOAQUIN,SAN LUIS OBISPO,CA,93401,8055416992
staystudio6 WASHINGTON DC SOUTHWEST - SPRINGFIELD,6868 SPRINGFIELD BLVD,SPRINGFIELD,VA,22150,7036445311
staystudio6 BOSTON - TEWKSBURY,95 MAIN STREET,TEWKSBURY,MA,01876,9788518677
staystudio6 SALT LAKE CITY SOUTH - LEHI,210 S 1200 E,LEHI,UT,84043,8017682668
staystudio6 BURLINGTON - COLCHESTER VT,74 SOUTH PARK DRIVE,COLCHESTER,VT,05446,8026546860
staystudio6 DES MOINES WEST,7655 OFFICE PLAZA DR N,WEST DES MOINES,IA,50266,5152678885
staystudio6 DESTIN,405 HIGHWAY 98 EAST #A,DESTIN,FL,32541,8508370007
staystudio6 RICHLAND - KENNEWICK,1751 FOWLER ST,RICHLAND,WA,99352,5097831250
staystudio6 SAN DIEGO DOWNTOWN,1546 2ND AVE,SAN DIEGO,CA,92101,6192369292
staystudio6 DES MOINES EAST - ALTOONA,3225 ADVENTURELAND DR,ALTOONA,IA,50009,5159675252
staystudio6 PORTSMOUTH NH,3 GOSLING ROAD,PORTSMOUTH,NH,03801,6033346606
staystudio6 MINNEAPOLIS - BROOKLYN CENTER,2741 FREEWAY BLVD,BROOKLYN CENTER,MN,55430,7635609789
staystudio6 ALBANY NY,100 WATERVLIET AVENUE,ALBANY,NY,12206,5184387447
staystudio6 WASHINGTON DC - GAITHERSBURG,497 QUINCE ORCHARD RD,GAITHERSBURG,MD,20878,3019773311
staystudio6 York,323 Arsenal Rd,York,PA,17402,7178466260
staystudio6 MEMPHIS DOWNTOWN,210 S PAULINE ST,MEMPHIS,TN,38104,9015280650
staystudio6 TORONTO WEST - BURLINGTON - OAKVILLE,4345 N SERVICE RD,BURLINGTON,ON,L7L 4X7,9053311955
staystudio6 TORONTO - BRAMPTON,160 STEELWELL RD,BRAMPTON,ON,L6T 5T3,9054513313
staystudio6 Toronto East - Whitby,165 Consumers Drive,Whitby,ON,L1N 1C4,9056658883
staystudio6 TORONTO - MISSISSAUGA,60 BRITANNIA RD EAST,MISSISSAUGA,ON,L4Z 3W7,9055028897
staystudio6 TORONTO - MISSISSAUGA,2935 ARGENTIA RD,MISSISSAUGA,ON,L5N 8G6,9058141664
staystudio6 SPRINGFIELD - NORTH,2655 N GLENSTONE AVENUE,SPRINGFIELD,MO,65803,4178312100
staystudio6 VIRGINIA BEACH VA,4760 EUCLID ROAD,VIRGINIA BEACH,VA,23462,7574991935
staystudio6 BUFFALO AIRPORT,52 FREEMAN RD,WILLIAMSVILLE,NY,14221,7166261500
staystudio6 FREDERICK MD - FORT DETRICK,999 WEST PATRICK STREET,FREDERICK,MD,21702,3016625141
staystudio6 FT WORTH NORTHLAKE - SPEEDWAY,13601 RACEWAY DRIVE,ROANOKE,TX,76262,8175413625
staystudio6 CUTLER BAY,10775 CARIBBEAN BLVD,CUTLER BAY,FL,33189,3052539960
staystudio6 NASHUA SOUTH,77 SPIT BROOK ROAD,NASHUA,NH,03060,6038881893
staystudio6 BATON ROUGE EAST,10920 MEAD RD,BATON ROUGE,LA,70816,2252939370
staystudio6 FRESNO  CA - YOSEMITE HWY,6730 N. BLACKSTONE,FRESNO,CA,93710,5594313557
staystudio6 THOUSAND PALMS  CA - PALM SPRINGS AREA,72215 VARNER RD.,THOUSAND PALMS,CA,92276,7603431381
staystudio6 COLORADO SPRINGS  CO - AIR FORCE ACADEMY,8280 VOYAGER PARKWAY,COLORADO SPRINGS,CO,80920,7195986700
"staystudio6 CORPUS CHRISTI, TX",6301 IH 37,CORPUS CHRISTI,TX,78409,3618265100
"staystudio6 LaGrange, GA",1513 LaFayette Parkway,LaGrange,GA,30241,7064437067
staystudio6 Fayetteville NC - Fort Bragg Area,3719 Bragg Boulevard,Fayetteville,NC,28303,9104879000
"staystudio6 JACKSONVILLE,  FL - SOUTH",8285 PHILLIPS HIGHWAY,JACKSONVILLE,FL,32256,9044480021
staystudio6 RICHMOND  VA - I-64 WEST,7831 SHRADER ROAD,RICHMOND,VA,23294,8042736100
staystudio6 GREENSBORO NC - I-40,6009 LANDMARK CENTER BLV,GREENSBORO,NC,27407,3362181000
"staystudio6 Lincoln, NE - Airport",3200 NW 12TH ST,LINCOLN,NE,68521,4024759541
"staystudio6 Greenville, SC I-85 Near Downtown",12 IMPACT DR,GREENVILLE,SC,29605,8642772019
"staystudio6 Lawton, OK",202 South East Lee Blvd.,Lawton,OK,73501,5803559765
"staystudio6 Laredo, TX – North I-35",5920 San Bernardo Avenue,Laredo,TX,78041,9567228133
staystudio6 FRESNO CA - YOSEMITE HIGHWAY,6730 N. BLACKSTONE,FRESNO,CA,93710,5594313630
"staystudio6 Colorado Springs, CO",8280 Voyager Parkway,Colorado Springs,CO,80920,7195986700
"staystudio6 LAGRANGE, GA",1513 LAFAYETTE PARKWAY,LAGRANGE,GA,30240,7064437067
"staystudio6 CORPUS CHRISTI - NORTH, TX",6301 IH 37,CORPUS CHRISTI,TX,78409,3618265100
staystudio6 FAYETTEVILLE  NC - FORT BRAGG AREA,3719 BRAGG BOULEVARD,FAYETTEVILLE,NC,28303,9104879000
"staystudio6 JACKSONVILLE, FL - SOUTH",8285 PHILLIPS HIGHWAY,JACKSONVILLE,FL,32256,9044480021
staystudio6 GREENSBORO NC - I-40,6009 LANDMARK CENTER BLV,GREENSBORO,NC,27407,3362181000
staystudio6 RICHMOND  VA - I-64 WEST,7831 SHRADER ROAD,RICHMOND,VA,23294,8042736100
"staystudio6 KENNEWICK, WA - TRI-CITIES",2811 WEST 2ND AVENUE,KENNEWICK,WA,99336,5097359511
"staystudio6 Lincoln, NE - Airport",3200 NW 12TH ST,LINCOLN,NE,68521,4024751138
"staystudio6 Greenville, SC I-85 Near Downtown",12 IMPACT DR,GREENVILLE,SC,29605,8642772019
staystudio6 WILLIAMS WEST - GRAND CANYON,831 W ROUTE 66,WILLIAMS,AZ,86046,9286359000
staystudio6 WINSLOW,520 DESMOND ST,WINSLOW,AZ,86047,9282899581
staystudio6 PAGE,637 S LAKE POWELL BLVD,PAGE,AZ,86040,9286455888
staystudio6 SANDUSKY - MILAN,11406 US 250 NORTH,MILAN,OH,44846,4194998001
staystudio6 KERRVILLE,1810 SIDNEY BAKER ST,KERRVILLE,TX,78028,8302571500
staystudio6 VAN HORN,1805 W BROADWAY,VAN HORN,TX,79855,4322832992
staystudio6 EVANSTON,261 BEAR RIVER DR,EVANSTON,WY,82930,3077890791
staystudio6 NEW BRAUNFELS,1275 N I-35,NEW BRAUNFELS,TX,78130,8306260343
staystudio6 FORT LUPTON,65 S GRAND AVE,FORT LUPTON,CO,80621,3038571800
staystudio6 NEPHI,2195 S MAIN ST,NEPHI,UT,84648,4356230666
staystudio6 MISSOULA,3035 EXPO PKWY,MISSOULA,MT,59808,4065496665
staystudio6 BENSON,637 S WHETSTONE COMMERCE,BENSON,AZ,85602,5205860066
staystudio6 JACKSON AIRPORT - PEARL MS,216 N PEARSON RD,PEARL,MS,39208,6019369988
staystudio6 SAN ANTONIO SOUTH,7950 S PANAM EXPWY,SAN ANTONIO,TX,78224,2109282866
staystudio6 CEDAR CITY,1620 W 200 N,CEDAR CITY,UT,84720,4355869200
staystudio6 LOS ANGELES - HOLLYWOOD,1738 N WHITLEY AVE,HOLLYWOOD,CA,90028,3234646006
staystudio6 GOLD BEACH,94433 JERRY'S FLAT RD,GOLD BEACH,OR,97444,5412474533
staystudio6 CARTERSVILLE GA,5657 HWY 20 NE,CARTERSVILLE,GA,30120,7703861449
staystudio6 DENISON,615 N HWY 75,DENISON,TX,75020,9034654446
staystudio6 FT WORTH - BENBROOK,8601 BENBROOK BLVD,BENBROOK,TX,76126,8172498885
staystudio6 WHEATLAND WY,95 16TH ST,WHEATLAND,WY,82201,3073221800
staystudio6 BROWNSVILLE - BELLS,9740 US-70 EAST,BELLS,TN,38006,7317729500
staystudio6 KILLEEN,800 E CENTRAL TEXAS EXWY,KILLEEN,TX,76541,2546344151
staystudio6 SEASIDE,2369 S ROOSEVELT DR,SEASIDE,OR,97138,5037386269
staystudio6 WASHINGTON DC,6711 GEORGIA AVE NW,WASHINGTON,DC,20012,2027221600
staystudio6 LAKE HAVASU CITY - LAKESIDE,111 LONDON BRIDGE RD,LAKE HAVASU CITY,AZ,86403,9288553200
staystudio6 DALE,1334 N WASHINGTON ST,DALE,IN,47523,8129372294
staystudio6 SAN ANTONIO DOWNTOWN - ALAMODOME,748 HOT WELLS BLVD,SAN ANTONIO,TX,78223,2105336667
staystudio6 COLUMBUS MS,1203 HWY 45 N,COLUMBUS,MS,39705,6623274450
staystudio6 ROSWELL,3307 N MAIN ST,ROSWELL,NM,88201,5756256666
staystudio6 STATESVILLE,1137 MORLAND DR,STATESVILLE,NC,28625,7048711115
staystudio6 REDMOND,2247 S HIGHWAY 97,REDMOND,OR,97756,5419232100
staystudio6 WATERLOO,2343 LOGAN AVE,WATERLOO,IA,50703,3192363238
staystudio6 SAN ANTONIO - SEA WORLD NORTH,11425 W LOOP 1604 N,SAN ANTONIO,TX,78254,2106956616
"staystudio6 Newport, TN",255 HERITAGE BLVD,Newport,TN,37821,4236231850
staystudio6 BISHOP,1005 N MAIN ST,BISHOP,CA,93514,7608738426
staystudio6 JUNCTION CITY,1931 LACY DR,JUNCTION CITY,KS,66441,7857622215
staystudio6 GILLETTE,2105 RODGERS DR,GILLETTE,WY,82716,3076868600
staystudio6 RUIDOSO,412 US 70 W,RUIDOSO,NM,88345,5756301166
staystudio6 ATLANTA AIRPORT - UNION CITY,3860 FLATSHOALS RD,UNION CITY,GA,30291,7709690110
staystudio6 KEARNEY,101 TALMADGE ST,KEARNEY,NE,68847,3083380705
staystudio6 MENOMONIE,2100 STOUT ST,MENOMONIE,WI,54751,7152356901
staystudio6 ROSEBURG,3100 NW AVIATION DR,ROSEBURG,OR,97470,5414648000
staystudio6 ATLANTA - LITHIA SPRINGS,920 BOB ARNOLD BLVD,LITHIA SPRINGS,GA,30122,7709416464
staystudio6 CLEVELAND - MEDINA,3122 EASTPOINTE DR,MEDINA,OH,44256,3307233322
staystudio6 ATHENS,2002 WHITAKER RD,ATHENS,TN,37303,4237454441
staystudio6 MOAB,1089 N MAIN ST,MOAB,UT,84532,4352596686
staystudio6 LEMOORE,1290 SIERRA CIRCLE,LEMOORE,CA,93245,5599256100
staystudio6 WILLIAMS EAST - GRAND CANYON,710 W ROUTE 66,WILLIAMS,AZ,86046,9286354464
staystudio6 SIDNEY,3040 SILVERBERG DR,SIDNEY,NE,69162,3082545463
staystudio6 ALBANY OR,2735 PACIFIC BLVD SE,ALBANY,OR,97321,5419264233
staystudio6 BRISTOL VA,21561 CLEAR CREEK RD,BRISTOL,VA,24202,2764666060
staystudio6 HILLSBORO,1506 HILLVIEW DR,HILLSBORO,TX,76645,2545809000
staystudio6 WENDOVER,561 E WENDOVER BLVD,WENDOVER,UT,84083,4356652267
staystudio6 GREENVILLE TX,5109 I-30,GREENVILLE,TX,75401,9034550515
staystudio6 FALLON,1705 S TAYLOR ST,FALLON,NV,89406,7754232277
staystudio6 HARLINGEN,205 N EXPY 77,HARLINGEN,TX,78550,9564239292
staystudio6 CHATTANOOGA DOWNTOWN,2440 WILLIAMS ST,CHATTANOOGA,TN,37408,4232657300
staystudio6 DALLAS NORTHEAST,10921 ESTATE LANE,DALLAS,TX,75238,2143402299
staystudio6 AUBURN,1819 AUBURN RAVINE RD,AUBURN,CA,95603,5308887829
staystudio6 SEYMOUR NORTH,365 TANGER BLVD,SEYMOUR,IN,47274,8125247443
staystudio6 MCKINNEY,2125 WHITE AVE,MCKINNEY,TX,75069,9725428600
staystudio6 AVOCA,211 W MARTY DR,AVOCA,IA,51521,7123436507
staystudio6 LINCOLN CITY,3517 N HIGHWAY 101,LINCOLN CITY,OR,97367,5419969900
staystudio6 BEATTY - DEATH VALLEY,550 US 95 N,BEATTY,NV,89003,7755539090
staystudio6 GORDONVILLE,2959 LINCOLN HWY EAST,GORDONVILLE,PA,17529,7176873880
staystudio6 CARLSBAD,3824 NATIONAL PARKS HWY,CARLSBAD,NM,88220,5758850011
staystudio6 PHARR,4701 N CAGE BLVD,PHARR,TX,78577,9567817202
staystudio6 HEMET,3885 W FLORIDA AVE,HEMET,CA,92545,9519298900
staystudio6 PORTLAND NORTH,1125 N SCHMEER RD,PORTLAND,OR,97217,5032473700
staystudio6 BEND,201 NE 3RD ST,BEND,OR,97701,5413828282
staystudio6 MITCHELL,1309 S OHLMAN ST,MITCHELL,SD,57301,6059960530
staystudio6 ANCHORAGE - MIDTOWN,5000 A STREET,ANCHORAGE,AK,99503,9076778000
staystudio6 TERRELL TX,101 MIRA PLACE,TERRELL,TX,75160,9725630300
staystudio6 GLOBE,1699 E ASH ST,GLOBE,AZ,85501,9284255741
staystudio6 CLOVERDALE IN - GREENCASTLE,924 N MAIN ST,CLOVERDALE,IN,46120,7657953000
staystudio6 DICKSON TN,2325 HIGHWAY 46 SOUTH,DICKSON,TN,37055,6154462423
staystudio6 PORTLAND - MALL 205,9225 SE STARK ST,PORTLAND,OR,97216,5032550808
staystudio6 POTTSTOWN PA,78 ROBINSON ST,POTTSTOWN,PA,19464,6108191288
staystudio6 GAINESVILLE GA,1585 MONROE DR,GAINESVILLE,GA,30507,7705327531
staystudio6 SINTON,8154 US 77,SINTON,TX,78387,3613641853
staystudio6 GREAT FALLS MT,2 TREASURE STATE DRIVE,GREAT FALLS,MT,59404,4064531602
staystudio6 CHANDLER AZ,7445 W CHANDLER BLVD,CHANDLER,AZ,85226,4809400308
staystudio6 CANOGA PARK CA,7132 DE SOTO AVE,CANOGA PARK,CA,91303,8188836666
staystudio6 LAS CRUCES - TELSHOR,2120 SUMMIT CT,LAS CRUCES,NM,88011,5755252055
staystudio6 COLBY,1985 S RANGE AVE,COLBY,KS,67701,7854628201
staystudio6 MERIDIAN ID,1047 SOUTH PROGRESS AVE,MERIDIAN,ID,83642,2088881212
staystudio6 SALLISAW,1300 EAST CHEROKEE AVE,SALLISAW,OK,74955,9187756000
staystudio6 KNOXVILLE - EAST,1550 CRACKER BARREL LN,KNOXVILLE,TN,37914,8656336646
staystudio6 ARKADELPHIA AR,106 CRYSTAL PALACE DR,ARKADELPHIA,AR,71923,8702466333
staystudio6 BANGOR,1100 HAMMOND STREET,BANGOR,ME,04401,2079474253
staystudio6 LONG BEACH - INTERNATIONAL CITY,1121 E PACIFIC COAST HWY,LONG BEACH,CA,90806,5625913321
staystudio6 COLUMBIA - EAST,3402 I-70 DR SE,COLUMBIA,MO,65201,5738150123
staystudio6 CLARKSTON WA,222 BRIDGE ST,CLARKSTON,WA,99403,5097581631
staystudio6 MONTGOMERY AIRPORT,7760 SLADE PLAZA BLVD,MONTGOMERY,AL,36105,3342801866
staystudio6 GRAND ISLAND,7301 BOSSELMAN AVE,GRAND ISLAND,NE,68803,3083846666
staystudio6 GREENVILLE - SIMPSONVILLE,3706 GRANDVIEW DR,SIMPSONVILLE,SC,29680,8649628484
staystudio6 EL RENO,1506 DOMINO DRIVE,EL RENO,OK,73036,4052626060
staystudio6 THE DALLES,2500 W 6TH ST,THE DALLES,OR,97058,5412961191
staystudio6 MINONK IL,1312 N CAROLYN DR,MINONK,IL,61760,3094323663
staystudio6 WILLOWS,452 HUMBOLDT AVE,WILLOWS,CA,95988,5309347026
staystudio6 PORT LAVACA,2621 HWY 35 NORTH,PORT LAVACA,TX,77979,3615523393
staystudio6 PENSACOLA WEST,5829 PENSACOLA BLVD,PENSACOLA,FL,32505,8504941122
staystudio6 SAN DIEGO AIRPORT - HARBOR,2353 PACIFIC HWY,SAN DIEGO,CA,92101,6192328931
staystudio6 LAKE DELTON WI,E 10892 MOON ROAD,BARABOO,WI,53913,6083550700
staystudio6 CLEVELAND INTL AIRPORT - N RIDGEVILLE,32751 LORAIN ROAD,NORTH RIDGEVILLE,OH,44039,4403276311
staystudio6 CAMERON PARK,3444 COACH LANE,CAMERON PARK,CA,95682,5306777177
staystudio6 LAFAYETTE IN,139 FRONTAGE RD,LAFAYETTE,IN,47905,7654477566
staystudio6 CORSICANA TX,2018 S HWY 287,CORSICANA,TX,75110,9038746300
staystudio6 WELLS,1561 6TH STREET,WELLS,NV,89835,7757522116
staystudio6 DALTON,2200 CHATTANOOGA RD,DALTON,GA,30720,7062785522
staystudio6 HARDEEVILLE,120 INDEPENDENCE BLVD,HARDEEVILLE,SC,29927,8437843192
staystudio6 MISSION TX,1813 E EXPRESSWAY 83,MISSION,TX,78572,9565811919
staystudio6 BIG SPRINGS NE,111 CIRCLE RD,BIG SPRINGS,NE,69122,3088893671
staystudio6 LAWRENCE KS,1130 N 3RD ST,LAWRENCE,KS,66044,7857494040
staystudio6 DECATUR,810 6TH AVE NE,DECATUR,AL,35601,2563080312
staystudio6 WEST PLANO - FRISCO TX,4801 WEST PLANO PKWY,PLANO,TX,75093,9728671111
staystudio6 EDINBURG,1806 S CLOSNER BLVD,EDINBURG,TX,78539,9563838800
staystudio6 MCALESTER OK,690 BERNHARDT DR,MCALESTER,OK,74501,9184290717
staystudio6 ATLANTA GA,2820 CHAMBLEE-TUCKER RD,ATLANTA,GA,30341,7704586626
staystudio6 NIAGARA FALLS NY,9100 NIAGARA FALLS BLVD.,NIAGARA FALLS,NY,14304,7162979902
staystudio6 MILES CITY MT,1314 S HAYNES AVENUE,MILES CITY,MT,59301,4062327042
staystudio6 SIKESTON MO,110 S INTERSTATE DRIVE,SIKESTON,MO,63801,5734717400
staystudio6 SAN RAFAEL CA,737 E FRANCISCO BLVD,SAN RAFAEL,CA,94901,4154533450
staystudio6 SAN FRANCISCO CA,895 GEARY STREET,SAN FRANCISCO,CA,94109,4154418220
staystudio6 WICHITA AIRPORT,5736 WEST KELLOGG DR,WICHITA,KS,67209,3169458440
staystudio6 MARBLE FALLS,1400 OLLIE LANE,MARBLE FALLS,TX,78654,8302656565
staystudio6 SAN ANTONIO AIRPORT,126 KENLEY PLACE,SAN ANTONIO,TX,78232,2104479000
staystudio6 ESPANOLA NM,811 SOUTH RIVERSIDE DR,ESPANOLA,NM,87532,5057535374
staystudio6 SAN JOSE CONVENTION CENTER,1041 THE ALAMEDA,SAN JOSE,CA,95126,4082950159
staystudio6 DETROIT - SOUTHGATE,18777 NORTHLINE RD,SOUTHGATE,MI,48195,7342878340
staystudio6 LAREDO AIRPORT,7124 ROSSON LANE,LAREDO,TX,78041,9565680646
staystudio6 NORMAN OK,1016 26TH AVE NW,NORMAN,OK,73069,4057013300
staystudio6 WAUKEGAN IL,31 N GREEN BAY RD,WAUKEGAN,IL,60085,8473369000
staystudio6 EAGLE PASS LAKESIDE,2338 EAST MAIN ST,EAGLE PASS,TX,78852,8307578100
staystudio6 HOLBROOK,2514 NAVAJO BLVD,HOLBROOK,AZ,86025,9285246101
staystudio6 VANCOUVER,221 NE CHKALOV DRIVE,VANCOUVER,WA,98684,3602538900
staystudio6 MARYSVILLE CA,803 E STREET,MARYSVILLE,CA,95901,5307435465
staystudio6 HUMBLE TX,20145 EASTWAY VILLAGE DR,HUMBLE,TX,77338,2814464300
staystudio6 MOSES LAKE,2822 W DRIGGS DR,MOSES LAKE,WA,98837,5097660260
staystudio6 DALLAS-DESOTO-LANCASTER,1750 NORTH I-35 E,LANCASTER,TX,75134,9722281255
staystudio6 COMMERCE GA,128 FRONTAGE RD,COMMERCE,GA,30529,7063355561
staystudio6 WISCONSIN RAPIDS WI,911 HUNTINGTON AVE,WISCONSIN RAPIDS,WI,54494,7154233211
staystudio6 JANESVILLE,3907 MILTON AVE,JANESVILLE,WI,53546,6087561742
staystudio6 URBANA IL,1906 N. CUNNINGHAM AVE.,URBANA,IL,61802,2173441085
staystudio6 WESLACO TX,1024 WEST EXPRESSWAY 83,WESLACO,TX,78596,9566475231
staystudio6 ERIE PA,7455 SCHULTZ RD,ERIE,PA,16509,8148680879
staystudio6 JUNCTION TX,200 I-10 WEST,JUNCTION,TX,76849,3254463572
staystudio6 MANSFIELD OH,555 NORTH TRIMBLE ROAD,MANSFIELD,OH,44906,4195292100
staystudio6 FRESNO CA,5021 N BARCUS AVE.,FRESNO,CA,93722,5592761910
staystudio6 CONCORD CA,3606 CLAYTON ROAD,CONCORD,CA,94521,9256827850
staystudio6 OKLAHOMA CITY OK SOUTH,1337 S.E. 44TH STREET,OKLAHOMA CITY,OK,73129,4056013977
staystudio6 PASADENA TX,3010 PASADENA FRWY,PASADENA,TX,77503,7134724100
staystudio6 CLEBURNE,1720 W HENDERSON ST,CLEBURNE,TX,76033,8176661100
staystudio6 KINGSTON TN,495 GALLAHER ROAD,KINGSTON,TN,37763,8653762069
staystudio6 OMAHA - CENTRAL,3511 SOUTH 84TH ST.,OMAHA,NE,68124,4023914321
staystudio6 HERMISTON OR,655 NORTH 1ST ST.,HERMISTON,OR,97838,5415677777
staystudio6 WEST MONROE LA,401 CONSTITUTION DRIVE,WEST MONROE,LA,71292,3183883810
staystudio6 OMAHA - IAT WEST,10560 SAPP BROTHERS DR.,OMAHA,NE,68138,4028966868
"staystudio6 FAYETTEVILLE, AR",2980 N COLLEGE AVE,FAYETTEVILLE,AR,72703,4794434351
staystudio6 DENVER SOUTH - SOUTH TECH CENTER,9201 E. ARAPAHOE ROAD,GREENWOOD VILLAGE,CO,80112,3037908220
staystudio6 HARTFORD - ENFIELD,11 HAZARD AVENUE,ENFIELD,CT,06082,8607413685
"staystudio6 CEDAR PARK, TX",800 ARROW POINT DRIVE,CEDAR PARK,TX,78613,5122603233
staystudio6 EAST RIDGE TN,1417 St. Thomas Street,CHATTANOOGA,TN,37412,4238941417
staystudio6 GRESHAM OR,18323 SE STARK STREET,PORTLAND,OR,97233,5034914444
staystudio6 KING CITY CA,3 BROADWAY CIRCLE,KING CITY,CA,93930,8313855000
staystudio6 DAYTON- ENGLEWOOD,9325 NORTH MAIN STREET,DAYTON,OH,45415,9378368339
staystudio6 SAN ANTONIO MEDICAL CENTER SOUTH,7500 LOUIS PASTEUR DR,SAN ANTONIO,TX,78229,2106160030
staystudio6 SANTA NELLA - LOS BANOS CA,28821 GONZAGA RD.,SANTA NELLA,CA,95322,2098278700
staystudio6 KALAMAZOO,3704 VANRICK DR,KALAMAZOO,MI,49001,2693446649
staystudio6 ONTARIO OR,275 NE 12TH STREET,ONTARIO,OR,97914,5418896617
staystudio6 CINCINNATI CENTRAL-NORWOOD,5300 KENNEDY AVE,CINCINNATI,OH,45213,5135316589
staystudio6 COLUMBUS - WORTHINGTON,7474 N HIGH ST.,COLUMBUS,OH,43235,6144312525
staystudio6 RIVERTON WY,302 EAST FREMONT AVE.,RIVERTON,WY,82501,3078569201
staystudio6 DUBUQUE IA,2670 DODGE STREET,DUBUQUE,IA,52003,5635560880
staystudio6 MISSOULA - UNIVERSITY,630 E BROADWAY,MISSOULA,MT,59802,4065492387
staystudio6 WESTBOROUGH MA,115 LAWRENCE ST,NORTHBOROUGH,MA,01532,5083660202
staystudio6 BEAVERTON,12255 SW CANYON RD,BEAVERTON,OR,97005,5036464131
staystudio6 MCMINNVILLE,2065 SW HIGHWAY 99 W,MCMINNVILLE,OR,97128,5034729493
staystudio6 HESPERIA,9757 CATABA ROAD,HESPERIA,CA,92345,7609470094
staystudio6 NORCROSS,5395 PEACHTREE IN BVD NW,NORCROSS,GA,30092,7704462882
staystudio6 CHARLOTTE COLISEUM,131 RED ROOF DR,CHARLOTTE,NC,28217,7045291020
staystudio6 NEWPORT BEACH,2274 NEWPORT BLVD.,COSTA MESA,CA,92627,9496467445
staystudio6 PORTLAND DOWNTOWN,518 NE HOLLADAY ST.,PORTLAND,OR,97232,5032344391
staystudio6 ALBANY AIRPORT NY,1600 CENTRAL AVENUE,ALBANY,NY,12205,5184568982
staystudio6 CANTON TX,3001 N. TRADEDAYS BLVD,CANTON,TX,75103,9035670455
staystudio6 BARKEYVILLE PA,1010 DHOLU ROAD,HARRISVILLE,PA,16038,8147868375
staystudio6 CRAWFORDSVILLE IN,1040 COREY BOULEVARD,CRAWFORDSVILLE,IN,47933,7653620300
staystudio6 GENEVA OH,1715 S. BROADWAY,GENEVA,OH,44041,4404661168
staystudio6 WASHINGTON DC - CONVENTION CENTER,1345 4TH STREET NE,WASHINGTON,DC,20002,2025442000
staystudio6 KANSAS CITY NORTH - AIRPORT,8230 NW PRAIRIE VIEW RD,KANSAS CITY,MO,64151,8167416400
staystudio6 CALHOUN GA,742 HIGHWAY 53 EAST S.E.,CALHOUN,GA,30701,7066298271
staystudio6 EL PASO- AIRPORT- FORT BLISS,6363 MONTANA AVE,EL PASO,TX,79925,9157783311
staystudio6 HANNIBAL MO,123 HUCKLEBERRY HEIGHTS,HANNIBAL,MO,63401,5732219988
staystudio6 ATLANTA NORTHEAST - NORCROSS,6015 OAKBROOK PARKWAY,NORCROSS,GA,30093,7704462311
staystudio6 SOUTH HAVEN,880 EAST 160TH ST. SOUTH,SOUTH HAVEN,KS,67140,6208925271
staystudio6 ALAMOGORDO,251 PANORAMA BLVD,ALAMOGORDO,NM,88310,5754345970
staystudio6 HOUSTON - HOBBY TX,9005 AIRPORT BLVD,HOUSTON,TX,77061,7139433300
staystudio6 ATLANTA DOWNTOWN,311 COURTLAND STREET N.E,ATLANTA,GA,30303,4046594545
staystudio6 RALEIGH SOUTHWEST - CARY,1401 BUCK JONES RD,RALEIGH,NC,27606,9194676171
staystudio6 RICHFIELD OH,5171-B BRECKSVILLE ROAD,RICHFIELD,OH,44286,3306596116
staystudio6 LOS ANGELES - BELL GARDENS,6344 S EASTERN AVE.,BELL GARDENS,CA,90201,3235608221
staystudio6 VISALIA CA,4645 W NOBLE AVE,VISALIA,CA,93277,5597325611
staystudio6 Lake Park,1075 Lakes Boulevard,Lake Park,GA,31636,2295889355
staystudio6 GASTONIA NC,1901 BROADCAST STREET,GASTONIA,NC,28052,7048548387
"staystudio6 LUMBERTON, NC",2361 LACKEY RD,LUMBERTON,NC,28358,9107382410
staystudio6 DUNNIGAN,3930 COUNTY ROAD 89,DUNNIGAN,CA,95937,5307243471
staystudio6 RUSSELLVILLE,215 W BIRCH ST,RUSSELLVILLE,AR,72802,4799683666
staystudio6 HOUSTON - KATY TX,22105 KATY FREEWAY,KATY,TX,77450,2813954866
staystudio6 WENATCHEE WA,610 N WENATCHEE AVE,WENATCHEE,WA,98801,5096638167
staystudio6 TRUTH OR CONSEQUENCES,2151 N. DATE STREET,TRUTH OR CONSEQUENCES,NM,87901,5758947888
staystudio6 AUGUSTA GA,201 BOY SCOUT ROAD,AUGUSTA,GA,30909,7067338200
staystudio6 NEW ORLEANS - NEAR DOWNTOWN,4200 OLD GENTILLY ROAD,NEW ORLEANS,LA,70126,5043249391
staystudio6 TROY,204B US HWY 231 NORTH,TROY,AL,36081,3346700012
staystudio6 LITTLE ROCK WEST,10524 W MARKHAM ST.,LITTLE ROCK,AR,72205,5012241321
staystudio6 BUTTONWILLOW CENTRAL,20645 TRACY AVE,BUTTONWILLOW,CA,93206,6617645121
staystudio6 SOUTH BEND - MISHAWAKA IN,236 N DIXIE WAY,SOUTH BEND,IN,46637,5744042004
staystudio6 SANDUSKY- HURON,601 RYE BEACH ROAD,HURON,OH,44839,4194337829
staystudio6 ONTARIO CONVENTION CENTER- AIRPORT,231 NORTH VINEYARD AVE.,ONTARIO,CA,91764,9099376000
staystudio6 VAN NUYS,6909 SEPULVEDA BLVD.,VAN NUYS,CA,91405,8187875400
staystudio6 SHEPHERDSVILLE KY,144 N. JOE B HALL AVENUE,SHEPHERDSVILLE,KY,40165,5025434400
staystudio6 BEAVER UT,1345 N. 450 W.,BEAVER,UT,84713,4354381666
staystudio6 GEORGETOWN - LEXINGTON NORTH,401 CHERRY BLOSSOM WAY,GEORGETOWN,KY,40324,5028631166
staystudio6 DALLAS - NORTH - RICHARDSON,13185 NORTH CENTRAL EXPY,DALLAS,TX,75243,9729079500
staystudio6 YOUNGSTOWN OH,4249 BELMONT AVENUE,YOUNGSTOWN,OH,44505,3307594092
staystudio6 HARRISBURG - HERSHEY NORTH,7965 JONESTOWN ROAD,HARRISBURG,PA,17112,7175456944
staystudio6 SILVER CITY,1040 E HWY 180,SILVER CITY,NM,88061,5753881983
staystudio6 BERNALILLO,210 N HILL RD,BERNALILLO,NM,87004,5057719500
staystudio6 TOPEKA NORTHWEST,709 FAIRLAWN RD,TOPEKA,KS,66606,7852728283
staystudio6 GILMAN IL,834 HIGHWAY 24 WEST,GILMAN,IL,60938,8152657283
staystudio6 LODI CA,1140 S CHEROKEE LN,LODI,CA,95240,2093346422
staystudio6 FAIRFIELD - NAPA VALLEY CA,4376 CENTRAL PLACE,FAIRFIELD,CA,94534,7078640800
staystudio6 BLOOMINGTON IN,1800 N WALNUT ST,BLOOMINGTON,IN,47404,8123320820
staystudio6 MORIARTY,1901 W. ROUTE 66,MORIARTY,NM,87035,5058324451
staystudio6 EVANSVILLE IN,4321 US 41 NORTH,EVANSVILLE,IN,47711,8124246431
staystudio6 SANTA FE PLAZA - DOWNTOWN,646 CERRILLOS ROAD,SANTA FE,NM,87505,5059823551
staystudio6 MURFREESBORO TN,148 CHAFFIN PL,MURFREESBORO,TN,37130,6158908524
staystudio6 COLUMBUS - OSU NORTH,750 MORSE RD,COLUMBUS,OH,43229,6148468520
staystudio6 RICHBURG,2912 PARKWAY BLVD,RICHBURG,SC,29729,8037897770
staystudio6 DES MOINES NORTH,4940 NE 14TH ST,DES MOINES,IA,50313,5152665456
staystudio6 EL PASO WEST,7840 NORTH MESA,EL PASO,TX,79932,9155844030
staystudio6 BOWLING GREEN KY,3139 SCOTTSVILLE RD,BOWLING GREEN,KY,42104,2708430140
staystudio6 JACKSON MS,6145 I-55 N.,JACKSON,MS,39213,6019568848
staystudio6 MARTINSBURG WV,5595 HAMMONDS MILL RD,MARTINSBURG,WV,25404,3042742181
staystudio6 DEMING,4601 E. PINE ST,DEMING,NM,88030,5755462623
staystudio6 SUWANEE GA - GWINNETT CENTER,77 CELEBRATION DRIVE,SUWANEE,GA,30024,7702715559
staystudio6 HARTFORD - VERNON CT,51 HARTFORD TURNPIKE,VERNON,CT,06066,8606465700
staystudio6 AMARILLO - WEST,2032 PARAMOUNT BLVD,AMARILLO,TX,79109,8063552574
staystudio6 ALLENTOWN PA,681 BLUE BARN ROAD,ALLENTOWN,PA,18104,6108413838
staystudio6 SEGUIN TX,1826 I-10 WEST,SEGUIN,TX,78155,8303724440
staystudio6 OSHKOSH WI,1015 S WASHBURN,OSHKOSH,WI,54904,9202334300
staystudio6 DALLAS - DFW AIRPORT SOUTH,2531 WEST AIRPORT FRWY,IRVING,TX,75062,9728710014
staystudio6 MENIFEE SUN CITY CA,27955 ENCANTO DRIVE,MENIFEE,CA,92586,9516791133
staystudio6 ARDMORE,120 HOLIDAY DRIVE,ARDMORE,OK,73401,5802267666
staystudio6 SALISBURY MD,2615 N SALISBURY BLVD,SALISBURY,MD,21801,4107495131
staystudio6 FORT WORTH TX,3861 TANACROSS DR,FORT WORTH,TX,76137,8178346700
staystudio6 WYTHEVILLE VA,220 LITHIA ROAD,WYTHEVILLE,VA,24382,2762287988
staystudio6 FT WORTH - BEDFORD TX,2904 CRYSTAL SPRINGS,BEDFORD,TX,76021,8175452555
staystudio6 MEMPHIS - GRACELAND,1581 E BROOKS ROAD,MEMPHIS,TN,38116,9013453344
staystudio6 KOKOMO,2808 S REED RD,KOKOMO,IN,46902,7654506630
staystudio6 DALLAS - FAIR PARK,8510 EAST R.L. THORNTON,DALLAS,TX,75228,2143288500
staystudio6 ROSENBERG TX,27927 SOUTHWEST FREEWAY,ROSENBERG,TX,77471,2813427888
staystudio6 COLUMBUS WEST,1309 ST. JAMES LUTHERAN,COLUMBUS,OH,43228,6148702880
staystudio6 OAKDALE,825 EAST F STREET,OAKDALE,CA,95361,2098478181
staystudio6 HOUSTON NORTH - SPRING,19606 CYPRESSWOOD CT,SPRING,TX,77388,2813506400
staystudio6 ROCHESTER MN,2107 W FRONTAGE RD,ROCHESTER,MN,55901,5072826625
staystudio6 BROWNSVILLE NORTH,2377 N EXPRESSWAY,BROWNSVILLE,TX,78520,9565042300
staystudio6 OKLAHOMA CITY OK,2727 W. I-44 SERVICE RD,OKLAHOMA CITY,OK,73112,4059488000
staystudio6 SYCAMORE IL,1860 DEKALB AVE,SYCAMORE,IL,60178,8158996500
staystudio6 FINDLAY OH,1600 FOX STREET,FINDLAY,OH,45840,4194228863
staystudio6 FARGO- SOUTH,3110 39TH STREET SOUTH,FARGO,ND,58104,7012829200
staystudio6 OGDEN 21ST STREET,1206 WEST 2100 SOUTH,OGDEN,UT,84401,8013938644
staystudio6 SULPHUR SPRINGS,1529 EAST INDUSTRIAL DR,SULPHUR SPRINGS,TX,75482,9038852105
staystudio6 DAVENPORT IA,101 W. 65 ST,DAVENPORT,IA,52806,5633889999
staystudio6 ELLENSBURG,403 WEST UNIVERSITY WAY,ELLENSBURG,WA,98926,5099625585
staystudio6 TERRE HAUTE IN,1 WEST HONEY CREEK DRIVE,TERRE HAUTE,IN,47802,8129172262
staystudio6 RICHFIELD UT,647 SOUTH MAIN,RICHFIELD,UT,84701,4358969271
staystudio6 ANAHEIM CA,701 S. BROOKHURST STREET,ANAHEIM,CA,92804,7147762600
staystudio6 LEBEC,51541 Ralphs Ranch Road,LEBEC,CA,93243,6612486625
staystudio6 DALLAS - NORTHWEST,2380 W NORTHWEST HWY,DALLAS,TX,75220,2149049955
staystudio6 LARAMIE,621 PLAZA LN,LARAMIE,WY,82070,3077422307
staystudio6 BAKERSFIELD AIRPORT,5241 OLIVE TREE CT,BAKERSFIELD,CA,93308,6613929700
staystudio6 BILOXI - OCEAN SPRINGS,14203 COOK ROAD,BILOXI,MS,39532,2282440232
staystudio6 UCR RIVERSIDE CA,1260 UNIVERSITY AVE,RIVERSIDE,CA,92507,9517842131
staystudio6 WILLISTON ND,1325 19TH AVE WEST,WILLISTON,ND,58801,7017748152
staystudio6 UVALDE TX,924 E MAIN STREET,UVALDE,TX,78801,8309007084
staystudio6 VICTORVILLE - APPLE VALLEY,16868 STODDARD WELLS RD,VICTORVILLE,CA,92394,7605964000
staystudio6 ATLANTA NORTHWEST - MARIETTA,2360 DELK RD,MARIETTA,GA,30067,7709528161
staystudio6 ASHLAND VA,101 N COTTAGE GREEN DR,ASHLAND,VA,23005,8047527777
staystudio6 RHOME TX,300 HOLLY PARKWAY,RHOME,TX,76078,8176366140
staystudio6 DALLAS - GALLERIA,2660 FOREST LANE,DALLAS,TX,75234,9724849111
staystudio6 MOUNT VERNON IL,220 SOUTH 44TH STREET,MOUNT VERNON,IL,62864,6182421200
staystudio6 RED BLUFF,20 WILLIAMS AVE,RED BLUFF,CA,96080,5305279200
staystudio6 LEWISTON,516 PLEASANT STREET,LEWISTON,ME,04240,2077826558
staystudio6 RIVERSIDE SOUTH,3663 LA SIERRA AVE,RIVERSIDE,CA,92505,9513510764
staystudio6 EL CENTRO,395 SMOKETREE DR,EL CENTRO,CA,92243,7603536766
staystudio6 INDIANAPOLIS IN,9140 N MICHIGAN RD,INDIANAPOLIS,IN,46268,3178707765
staystudio6 CARSON CA,888 E DOMINGUEZ STREET,CARSON,CA,90746,3107156688
"staystudio6 NEWPORT NEWS, VA",797 J CLYDE MORRIS BLVD,NEWPORT NEWS,VA,23601,7575956336
staystudio6 GLENDALE AZ,7116 N. 59TH AVENUE,GLENDALE,AZ,85301,6239399431
staystudio6 OROVILLE,505 MONTGOMERY ST,OROVILLE,CA,95965,5305329400
staystudio6 COOKEVILLE TN,1100 S. JEFFERSON AVE,COOKEVILLE,TN,38506,9315281040
staystudio6 ELY,770 AVE O,ELY,NV,89301,7752896671
staystudio6 ST GEORGE,205 N 1000 EAST,ST GEORGE,UT,84770,4356287979
staystudio6 MERCED CA,1983 EAST CHILDS AVENUE,MERCED,CA,95341,2093841303
staystudio6 BOERNE,1228 SOUTH MAIN STREET,BOERNE,TX,78006,8302493562
staystudio6 DALLAS - MARKET CENTER,1625 REGAL ROW,DALLAS,TX,75247,4697262250
staystudio6 DEL RIO,2115 VETERANS BLVD,DEL RIO,TX,78840,8307742115
staystudio6 GREEN RIVER,1860 EAST MAIN ST,GREEN RIVER,UT,84525,4355643436
staystudio6 CARSON CITY,2749 S CARSON ST,CARSON CITY,NV,89701,7758857710
staystudio6 OVERLAND PARK KS,6850 W. 108TH ST.,OVERLAND PARK,KS,66211,9133812860
staystudio6 ROUND ROCK,1400 N I-35,ROUND ROCK,TX,78681,5122554437
staystudio6 REDLANDS CA,1120 W COLTON AVE,REDLANDS,CA,92374,9097932001
staystudio6 MANCHESTER TN,2430 HILLSBORO BLVD,MANCHESTER,TN,37355,9317285257
staystudio6 JONESBORO GA,628 SOUTHSIDE COMMERCIAL,JONESBORO,GA,30236,6786741360
staystudio6 NAPA CA,3380 SOLANO AVENUE,NAPA,CA,94558,7072576111
staystudio6 SEATTLE SEA-TAC AIRPORT SOUTH,18900 47TH AVE S,SEATTLE,WA,98188,2062040874
staystudio6 DETROIT EAST - WARREN,8300 CHICAGO RD,WARREN,MI,48093,5868269300
staystudio6 TROY OH,1260 SOUTH DORSET ROAD,TROY,OH,45373,9373350021
staystudio6 ANDERSON - REDDING AIRPORT,2861 MCMURRY DRIVE,ANDERSON,CA,96007,5303652566
staystudio6 LOST HILLS,14685 WARREN ST,LOST HILLS,CA,93249,6617972346
staystudio6 WINCHESTER VA,2951 VALLEY AVE,WINCHESTER,VA,22601,5406671200
staystudio6 CHARLOTTE - UNIVERSITY,1111 W. SUGAR CREEK RD,CHARLOTTE,NC,28213,7045982882
staystudio6 YREKA,1785 S MAIN ST,YREKA,CA,96097,5308424111
staystudio6 MERCED NORTH,1410 V STREET,MERCED,CA,95340,2093842181
staystudio6 FORT BRAGG CA,400 SOUTH MAIN STREET,FORT BRAGG,CA,95437,7079644761
staystudio6 HUTCHINS TX,110 SOUTH I-45,HUTCHINS,TX,75141,9722258088
staystudio6 LEXINGTON VA,65 ECONO LANE,LEXINGTON,VA,24450,5404637371
staystudio6 PHILADELPHIA - MT LAUREL NJ,2798 SR 73 NORTH,MAPLE SHADE,NJ,08052,8562353550
staystudio6 WACO - WOODWAY,7007 WOODWAY DRIVE,WACO,TX,76712,2547517400
staystudio6 OKLAHOMA CITY NORTH - FRONTIER CITY,12121 N I-35 SERVICE RD,OKLAHOMA CITY,OK,73131,4054784030
staystudio6 CHICAGO NORTHWEST - PALATINE,1450 E DUNDEE RD,PALATINE,IL,60074,8473590046
staystudio6 WASHINGTON DC - CAPITOL HEIGHTS,75 HAMPTON PARK BLVD,CAPITOL HEIGHTS,MD,20743,3014990800
staystudio6 WASHINGTON DC SOUTHEAST - CAMP SPRINGS,5701 ALLENTOWN RD,CAMP SPRINGS,MD,20746,3017021061
staystudio6 FREDERICKSBURG - NORTH,401 WARRENTON RD,FREDERICKSBURG,VA,22405,5403715443
staystudio6 DALLAS - GARLAND,436 W I-30,GARLAND,TX,75043,9722267140
staystudio6 DALLAS - DFW AIRPORT NORTH,7800 HEATHROW DR,IRVING,TX,75063,9729153993
"staystudio6 Victoria, TX",3716 Houston Highway,Victoria,TX,77901,3615731273
staystudio6 ONTARIO AIRPORT,1560 E 4TH ST,ONTARIO,CA,91764,9099842424
staystudio6 POCATELLO - CHUBBUCK,291 W BURNSIDE AVE,POCATELLO,ID,83202,2082377880
staystudio6 BINGHAMTON,1012 FRONT STREET,BINGHAMTON,NY,13905,6077710400
staystudio6 RICHMOND IN,6030 NATIONAL ROAD EAST,RICHMOND,IN,47374,7659666559
staystudio6 SAVANNAH AIRPORT - POOLER,1016 EAST U.S. HWY 80,POOLER,GA,31322,9127485242
staystudio6 FORT WORTH - WHITE SETTLEMENT,7960 WEST FREEWAY,FORT WORTH,TX,76108,8172467168
staystudio6 DETROIT NORTHWEST - FARMINGTON HILLS,38300 GRAND RIVER AVE,FARMINGTON HILLS,MI,48335,2486151425
staystudio6 CLEVELAND WEST - LORAIN - AMHERST,704 N LEAVITT RD,AMHERST,OH,44001,4409883266
staystudio6 HIGH POINT,120 SW CLOVERLEAF PLACE,HIGH POINT,NC,27263,3368856000
staystudio6 RENO - LIVESTOCK EVENTS CENTER,866 N WELLS AVE,RENO,NV,89512,7757869852
staystudio6 CONROE,820 I-45 SOUTH,CONROE,TX,77304,9367604003
staystudio6 CROSSROADS MALL - WATERLOO - CEDAR FALLS,2141 LAPORTE RD,WATERLOO,IA,50702,3192339191
staystudio6 CONYERS GA,1351 DOGWOOD DRIVE SW,CONYERS,GA,30012,7704833220
staystudio6 YORK,4817 SOUTH LINCOLN AVE,YORK,NE,68467,4023626660
staystudio6 DENTON,4125 I-35 NORTH,DENTON,TX,76207,9405664798
staystudio6 TAMPA - FAIRGROUNDS,9942 ADAMO DRIVE,TAMPA,FL,33619,8136235121
staystudio6 WEED - MOUNT SHASTA,466 N WEED BLVD,WEED,CA,96094,5309384101
staystudio6 MANTECA CA,150 NORTHWOODS AVENUE,MANTECA,CA,95336,2092395900
staystudio6 MIAMI FL,7330 NW 36TH STREET,MIAMI,FL,33166,3055925440
staystudio6 GRAND PRAIRIE - NEAR SIX FLAGS DRIVE,1108 N HIGHWAY 360,GRAND PRAIRIE,TX,75050,9729750000
staystudio6 STEPHENVILLE TX,701 EAST SOUTH LOOP,STEPHENVILLE,TX,76401,2549683392
staystudio6 MONTGOMERY - EAST,1051 EASTERN BLVD,MONTGOMERY,AL,36117,3342776748
staystudio6 GATLINBURG SMOKY MOUNTAINS,309 OWNBY STREET,GATLINBURG,TN,37738,8654367813
staystudio6 JOPLIN,3031 S RANGE LINE RD,JOPLIN,MO,64804,4177816400
staystudio6 FREMONT SOUTH,46101 RESEARCH AVE,FREMONT,CA,94539,5104904528
staystudio6 DURHAM NC,3454 HILLSBOROUGH RD,DURHAM,NC,27705,9193090037
staystudio6 CONCORD - KANNAPOLIS,2808 LANE STREET,KANNAPOLIS,NC,28083,7049335080
staystudio6 MOUNT PLEASANT TX,2502 WEST FERGUSON RD,MOUNT PLEASANT,TX,75455,9035726611
staystudio6 ELK CITY OK,2604 E HWY 66,ELK CITY,OK,73644,5802252541
staystudio6 NORTH RICHLAND HILLS - NE FT WORTH,5151 THAXTON PARKWAY,NORTH RICHLAND HILLS,TX,76180,8174798160
staystudio6 MCALLEN - EAST,801 E EXPRESSWAY 83,MCALLEN,TX,78501,9566302727
staystudio6 ALBUQUERQUE NORTHEAST,13141 CENTRAL AVENUE NE,ALBUQUERQUE,NM,87123,5052944600
staystudio6 CLEVELAND TX,1004 S WASHINGTON AVE,CLEVELAND,TX,77327,2815920551
staystudio6 WICHITA FALLS - NORTH TX,1211 CENTRAL FREEWAY,WICHITA FALLS,TX,76306,9407235541
staystudio6 WILKES-BARRE ARENA,884 SCHECHTER DRIVE,WILKES-BARRE,PA,18702,5708260300
staystudio6 SANTA FE CENTRAL,3470 CERRILLOS ROAD,SANTA FE,NM,87507,5054714000
staystudio6 BALTIMORE CITY MD,110 WEST NORTH AVENUE,BALTIMORE,MD,21201,4107522000
staystudio6 PAYSON AZ,1005 SOUTH BEELINE HWY,PAYSON,AZ,85541,9284742382
staystudio6 HAMBURG NY,5245 CAMP ROAD,HAMBURG,NY,14075,7166482000
staystudio6 TEXARKANA AR,4300 NORTH STATELINE AVE,TEXARKANA,AR,71854,8707733144
staystudio6 LONGVIEW - NORTH,419 NORTH SPUR 63,LONGVIEW,TX,75601,9032128300
staystudio6 KANSAS CITY MO,3636 NE RANDOLPH RD,KANSAS CITY,MO,64161,8164528585
staystudio6 OMAHA NE,10919 J STREET,OMAHA,NE,68137,4025922882
staystudio6 BRICKTOWN,1800 EAST RENO AVENUE,OKLAHOMA CITY,OK,73117,4052354531
staystudio6 CHICAGO SOUTH-LANSING,2151 BERNICE ROAD,LANSING,IL,60438,7084188884
staystudio6 GARDENA CA,14605 CRENSHAW BLVD,GARDENA,CA,90249,3106752133
staystudio6 SAVANNAH MIDTOWN,201  STEPHENSON AVENUE,SAVANNAH,GA,31405,9123554100
staystudio6 OCALA CONFERENCE CENTER,3810 NW BLITCHTON ROAD,OCALA,FL,34475,3527323131
staystudio6 BRYAN - COLLEGE STATION,3113 HIGHWAY 21 EAST,BRYAN,TX,77803,9797790020
staystudio6 LIVINGSTON - MERCED COUNTY,110 DEL RIO AVENUE,LIVINGSTON,CA,95334,2093941150
staystudio6 NEWNAN GA,6 HERRING ROAD,NEWNAN,GA,30265,7702512828
staystudio6 BOZEMAN MT,817 WHEAT DRIVE,BOZEMAN,MT,59715,4065857888
staystudio6 STAUNTON VA,96 BAKER LANE,STAUNTON,VA,24401,5402485111
staystudio6 ALBERT LEA,2019 EAST MAIN STREET,ALBERT LEA,MN,56007,5073770591
staystudio6 VISTA CA,330 MAR VISTA DR,VISTA,CA,92083,7607262900
staystudio6 ROCKPORT TX,1006 FM 3036,ROCKPORT,TX,78382,3614500489
staystudio6 ROANOKE VA,6621 THIRLANE ROAD N.W.,ROANOKE,VA,24019,5402652600
staystudio6 SPRING HILL WEEKI WACHEE,6172 COMMERCIAL WAY,SPRING HILL,FL,34606,3525962007
"staystudio6 WAXAHACHIE, TX",200 NORTH I-35E,WAXAHACHIE,TX,75165,9729374202
staystudio6 NATIONAL CITY CA,1125 EAST PLAZA BLVD,NATIONAL CITY,CA,91950,6194774747
staystudio6 DIXON CA,1480 ARY LANE,DIXON,CA,95620,7076930606
staystudio6 MACON WEST,6009 HARRISON ROAD,MACON,GA,31206,4787888800
"staystudio6 MESQUITE, TX RODEO - CONVENTION CTR",121 GRAND JUNCTION BLVD,MESQUITE,TX,75149,9722895481
staystudio6 CANTON GA,114 RIVER POINTE PARKWAY,CANTON,GA,30114,7703458700
staystudio6 TEMPE ASU,1915 EAST APACHE BLVD,TEMPE,AZ,85281,4807361700
staystudio6 KINGSBURG CA,401 SIERRA STREET,KINGSBURG,CA,93631,5598971022
staystudio6 OCEANSIDE MARINA,901 N COAST HIGHWAY,OCEANSIDE,CA,92054,7607221781
staystudio6 LINDALE TX,13307 COUNTY ROAD 472,LINDALE,TX,75771,9038827800
staystudio6 HARVEY IL,16940 SOUTH HALSTED ST,HARVEY,IL,60426,7083313400
staystudio6 RALEIGH - NORTH,2641 APPLIANCE COURT,RALEIGH,NC,27604,9198569800
staystudio6 DALLAS - GARLAND - NORTHWEST HWY,12721 I-635,GARLAND,TX,75041,9722717581
staystudio6 Dallas - Farmers Branch,13235 N Stemmons Freeway,Farmers Branch,TX,75234,9726207333
staystudio6 BAYTOWN - GARTH RD,4911 INTERSTATE 10 EAST,BAYTOWN,TX,77521,2814217300
staystudio6 WICHITA EAST,8302 EAST KELLOGG DRIVE,WICHITA,KS,67207,3166124646
staystudio6 FENTON MO,1860 BOWLES AVE,FENTON,MO,63026,6363436200
staystudio6 PERRY GA,1004-A SAINT PATRICKS DR,PERRY,GA,31069,4782246600
staystudio6 FORT WORTH - DOWNTOWN EAST,2425 SCOTT AVENUE,FORT WORTH,TX,76103,8175352591
staystudio6 SPRINGFIELD OH,11 WEST LEFFEL LANE,SPRINGFIELD,OH,45506,9373224942
staystudio6 GARDEN GROVE CA,12091 TRASK AVE,GARDEN GROVE,CA,92843,7145392500
staystudio6 DALLAS - RED OAK,202 SOUTH I-35E,RED OAK,TX,75154,9726173501
staystudio6 KINGSLAND - KINGS BAY NAVAL BASE,120 ROBERT L EDENFIELD D,KINGSLAND,GA,31548,9127296888
staystudio6 LINCOLN NE,6501 N 28TH ST,LINCOLN,NE,68504,4024384700
staystudio6 HINESVILLE GA,213 GENERAL SCREVEN WAY,HINESVILLE,GA,31313,9128772124
staystudio6 TUCSON AIRPORT,1025 EAST BENSON HIGHWAY,TUCSON,AZ,85713,5206237792
staystudio6 GROVE CITY OH,1900 STRINGTOWN RD,GROVE CITY,OH,43123,6148758543
staystudio6 SAN ANTONIO - FIESTA TRAILS,9447 I-10 WEST,SAN ANTONIO,TX,78230,2105589070
staystudio6 MEMPHIS NORTHEAST,1585 SYCAMORE VIEW RD,MEMPHIS,TN,38134,9016728184
staystudio6 TROY IL,909 EDWARDSVILLE ROAD,TROY,IL,62294,6186679916
staystudio6 SULPHUR LA,2022 RUTH STREET,SULPHUR,LA,70663,3375278146
staystudio6 SAVANNAH - SOUTH,45 FORT ARGYLE ROAD,SAVANNAH,GA,31419,9129201920
staystudio6 BAKERSFIELD CA,350 OAK ST,BAKERSFIELD,CA,93304,6613223300
staystudio6 EDGEWOOD MD,1709 EDGEWOOD RD,EDGEWOOD,MD,21040,4106799700
staystudio6 PARK CITY KS,1075 HOPALONG CASSIDY CI,PARK CITY,KS,67417,3164405050
staystudio6 MECHANICSBURG - HARRISBURG WEST,381 CUMBERLAND PARKWAY,MECHANICSBURG,PA,17055,7177660238
staystudio6 WACO - LACEY LAKEVIEW,1008 EAST CREST DRIVE,WACO,TX,76705,2547994944
staystudio6 SAN ANTONIO - SPLASHTOWN,3370 IH35 NORTH,SAN ANTONIO,TX,78219,2102713100
staystudio6 JACKSON TN,1965 HWY 45 BYPASS,JACKSON,TN,38305,7316687881
staystudio6 WAYCROSS GA,1903 MEMORIAL DR,WAYCROSS,GA,31501,9122833300
staystudio6 MARSHALLTOWN IA,18 EAST BERLE ROAD,MARSHALLTOWN,IA,50158,6417538181
staystudio6 BEREA KY,1029 COOPER DRIVE,BEREA,KY,40403,8599867373
staystudio6 INDIANAPOLIS ANDERSON,2205 EAST 59TH ST,ANDERSON,IN,46013,8668160706
staystudio6 LIMA,1800 HARDING HWY,LIMA,OH,45804,4192280456
staystudio6 JACKSONVILLE FL AIRPORT AREA - SOUTH,812 DUNN AVENUE,JACKSONVILLE,FL,32218,9047516960
staystudio6 BRUNSWICK GA,3040 SCARLETT STREET,BRUNSWICK,GA,31520,9122757276
staystudio6 MONROE LA,1035 MARTIN LUTHER KING,MONROE,LA,71203,3183223900
staystudio6 HARRISONBURG - SOUTH,3210 S MAIN STREET,HARRISONBURG,VA,22801,5404346700
staystudio6 AUSTIN - MIDTOWN,7100 NORTH I-35,AUSTIN,TX,78752,5124529401
staystudio6 BREMERTON WA,3400 11TH STREET,BREMERTON,WA,98312,3604790369
staystudio6 OPELIKA AL,1107 COLUMBUS PARKWAY,OPELIKA,AL,36801,3347496154
staystudio6 TEXAS CITY- I-45 SOUTH,8540 FM 1765,TEXAS CITY,TX,77591,4092291474
"staystudio6 MIDLAND, TX",1800 BEAL PARKWAY,MIDLAND,TX,79703,4322620044
staystudio6 ANNISTON AL,210 GRACE ST,OXFORD,AL,36203,2568315463
staystudio6 ROCKY MOUNT,1370 N WESLEYAN BLVD,ROCKY MOUNT,NC,27804,2529840907
staystudio6 KENLY NC,843 JOHNSTON PKWY,KENLY,NC,27542,9192843800
staystudio6 SANTA MARIA - SOUTH,1007 EAST MAIN STREET,SANTA MARIA,CA,93454,8059224505
staystudio6 MARYLAND HEIGHTS MO,12330 DORSETT ROAD,MARYLAND HEIGHTS,MO,63043,3148781212
staystudio6 COVINGTON TN,901 HWY 51 N,COVINGTON,TN,38019,9014750380
staystudio6 TOWNSEND GA,2201 GEORGIA HWY 57,TOWNSEND,GA,31331,9128324411
staystudio6 KNOXVILLE TN,258 HARRY LANE BLVD,KNOXVILLE,TN,37923,8656909777
staystudio6 GREENSBORO NC,2838 S ELM EUGENE ST,GREENSBORO,NC,27406,3369077796
staystudio6 AMARILLO TX,8601 CANYON DRIVE,AMARILLO,TX,79110,8064687100
staystudio6 BIRMINGHAM - BESSEMER,1000 SHILOH LN,BESSEMER,AL,35020,2054269646
staystudio6 NEWARK DE,100 MCINTOSH PLAZA,NEWARK,DE,19713,3024539100
staystudio6 IDAHO FALLS SNAKE RIVER,1100 LINDSAY BLVD,IDAHO FALLS,ID,83402,2085295400
staystudio6 DALLAS - SOUTH,4610 S RL THORNTON FRWY,DALLAS,TX,75224,2143716800
staystudio6 APACHE JUNCTION AZ,251 E 29TH AVENUE,APACHE JUNCTION,AZ,85119,4802888888
staystudio6 SEDALIA MO,3402 WEST BROADWAY BLVD,SEDALIA,MO,65301,6608275890
staystudio6 ROCK HILL,962 RIVERVIEW ROAD,ROCK HILL,SC,29730,8033293232
staystudio6 DUMAS TX,1712 S DUMAS AVE,DUMAS,TX,79029,8069356441
staystudio6 EL PASO - SOUTHEAST,12211 GATEWAY BLVD WEST,EL PASO,TX,79936,9158581600
staystudio6 WILDWOOD FL,345 E STATE ROAD 44,WILDWOOD,FL,34785,3527482000
staystudio6 DRUMS PA,1064 BERWICK HAZLETON HW,DRUMS,PA,18222,5707885887
staystudio6 CHARLES TOWN WV,106 JEFFERSON TERRACE RD,CHARLES TOWN,WV,25212,3047251403
staystudio6 PHILADELPHIA PA - BROOKLAWN NJ,801 CRESCENT BLVD,BROOKLAWN,NJ,08030,8564566688
staystudio6 PIGEON FORGE - PARKWAY,3626 PARKWAY,PIGEON FORGE,TN,37863,8654534225
staystudio6 LEBANON IN,405 NORTH MOUNT ZION RD,LEBANON,IN,46052,7654829999
staystudio6 MATTOON IL,4200 LAKE LAND BLVD,MATTOON,IL,61938,2172951601
staystudio6 MONTEREY DOWNTOWN,1240 MUNRAS AVE,MONTEREY,CA,93940,8313756002
staystudio6 SAN ANTONIO - WINDCREST,9903 I-35 NORTH,SAN ANTONIO,TX,78233,2106500087
staystudio6 EAU CLAIRE WI,2305 CRAIG ROAD,EAU CLAIRE,WI,54701,7158343193
staystudio6 BRIDGEVIEW IL,9625 SOUTH 76TH AVENUE,BRIDGEVIEW,IL,60455,7084301818
staystudio6 GREEN BAY - LAMBEAU,2870 RAMADA WAY,GREEN BAY,WI,54304,9204993599
staystudio6 MOLINE IL,2501 52ND AVENUE,MOLINE,IL,61265,3097975580
staystudio6 GLENDALE WI,5485 N PORT WASHINGTON,GLENDALE,WI,53217,4149617272
staystudio6 APPLETON WI,210 WESTHILL BLVD,APPLETON,WI,54914,9207335551
staystudio6 OAK CREEK WI,1201 WEST COLLEGE AVE,OAK CREEK,WI,53154,4147641776
staystudio6 MADISON EAST WI,4202 EAST TOWNE BLVD,MADISON,WI,53704,6082413861
staystudio6 WAUSAU WI,116 SOUTH 17TH AVE,WAUSAU,WI,54401,7152986440
staystudio6 NAPERVILLE IL,1585 NAPERVILLE WHEATON,NAPERVILLE,IL,60563,6303570022
staystudio6 LA CROSSE WI,2150 ROSE STREET,LA CROSSE,WI,54603,6087810400
staystudio6 ELK GROVE VILLAGE IL,1000 WEST DEVON AVE,ELK GROVE VILLAGE,IL,60007,8478952085
staystudio6 PROSPECT HEIGHTS IL,540 N MILWAUKEE AVENUE,PROSPECT HEIGHTS,IL,60070,8474590545
staystudio6 ELK GROVE VILLAGE - O'HARE,2881 TOUHY AVE,ELK GROVE VILLAGE,IL,60007,8478039400
staystudio6 CEDAR RAPIDS - AIRPORT,616 33RD AVENUE SW,CEDAR RAPIDS,IA,52404,3193662475
staystudio6 GRAND RAPIDS - AIRPORT,4855 28TH STREET SE,GRAND RAPIDS,MI,49512,6169573000
staystudio6 ST PAUL I-94,1739 OLD HUDSON RD,SAINT PAUL,MN,55106,6517715566
staystudio6 DELANO CA,405 CECIL AVE,DELANO,CA,93215,6617780930
staystudio6 MOJAVE - AIRPORT,16100 SIERRA HIGHWAY,MOJAVE,CA,93501,6618242421
staystudio6 GLASSBORO - ROWAN UNIVERSITY,133 DELSEA DRIVE SOUTH,GLASSBORO,NJ,08028,8568811000
staystudio6 JOURDANTON TX,1403 HIGHWAY 97 EAST,JOURDANTON,TX,78026,8307700562
"staystudio6 SAN MARCOS, TX - NORTH",1701 NORTH I-35,SAN MARCOS,TX,78666,5123958000
staystudio6 STOCKTON EAST CA,2533 NORTH PICCOLI RD,STOCKTON,CA,95215,2099316675
staystudio6 CAMERON MO,1920 BOB GRIFFIN ROAD,CAMERON,MO,64429,8166327300
staystudio6 INDIANAPOLIS - AIRPORT,5845 ROCKVILLE RD,INDIANAPOLIS,IN,46224,3172474100
staystudio6 CLINTON OK,2247 WEST GARY BLVD,CLINTON,OK,73601,5803236840
staystudio6 SALT LAKE CITY - CENTRAL,315 WEST 3300 SOUTH,SALT LAKE CITY,UT,84115,8014868780
staystudio6 JENNINGS LA,607 HOLIDAY DR,JENNINGS,LA,70546,3378248589
staystudio6 DECATUR GA,2572 CANDLER RD,DECATUR,GA,30032,4042545001
staystudio6 WHITE HOUSE TN,340 HESTER DRIVE,WHITE HOUSE,TN,37188,6156728850
staystudio6 BREMEN GA,35 PRICE CREEK ROAD,BREMEN,GA,30110,7705374646
staystudio6 FT WORTH CONVENTION CENTER,913 E NORTHSIDE DR,FORT WORTH,TX,76102,8173329693
staystudio6 FERNDALE WA,5671 RIVERSIDE DR,FERNDALE,WA,98248,3603844040
staystudio6 MODESTO - DOWNTOWN,807 NEEDHAM STREET,MODESTO,CA,95354,2095249641
staystudio6 EULESS - DFW WEST,1001 W AIRPORT FREEWAY,EULESS,TX,76040,8174455000
staystudio6 HOBBS NM,200 N MARLAND BLVD,HOBBS,NM,88240,5753934101
staystudio6 TOLEDO OH,5335 HEATHERDOWNS BLVD,TOLEDO,OH,43614,4198652308
staystudio6 TIFTON GA,1103 KING ROAD,TIFTON,GA,31793,2293820395
staystudio6 PORT ARTHUR,3000 JIMMY JOHNSON BLVD,PORT ARTHUR,TX,77642,4097296611
staystudio6 DALLAS - GARLAND/NORTHEAST,9801 ADLETA CT,DALLAS,TX,75243,2143425400
staystudio6 MCALLEN,700 SAVANNAH AVE,MCALLEN,TX,78503,9566687829
staystudio6 INGLESIDE,2920 ROCKLAND BLVD,INGLESIDE,TX,78362,3617751400
staystudio6 DALLAS RICHARDSON - NORTH,12301 NORTH CENTRAL EXPY,DALLAS,TX,75243,9727160600
staystudio6 BAY CITY TX,5511 7TH ST,BAY CITY,TX,77414,9792442400
staystudio6 BEAUMONT TX,2660 I-10 EAST,BEAUMONT,TX,77703,4099240571
staystudio6 BAKERSFIELD CA,6141 KNUDSEN DR,BAKERSFIELD,CA,93308,6613931277
staystudio6 SULPHUR LA,112 DENNIS AVE,SULPHUR,LA,70665,3375645780
staystudio6 LAFAYETTE - BROUSSARD,1441 S.E. EVANGELINE TRW,LAFAYETTE,LA,70501,3377067644
staystudio6 OPELIKA - AUBURN AL,2100 GATEWAY DRIVE,OPELIKA,AL,36801,3347376040
"staystudio6 ORANGE, TX",2502 HIGHWAY 62 NORTH,ORANGE,TX,77632,4098836000
staystudio6 GRAND PRAIRIE TX,406 E PALACE PARKWAY,GRAND PRAIRIE,TX,75050,9726429424
staystudio6 LUBBOCK MEDICAL CENTER,4521 MARSHA SHARP FRWY,LUBBOCK,TX,79407,8066876666
staystudio6 VAN NUYS,13561 SHERMAN WAY,VAN NUYS,CA,91405,8187800558
staystudio6 TULSA,8181 EAST 41ST STREET,TULSA,OK,74145,9186647241
staystudio6 ATLANTA - MARIETTA,2360 DELK RD,MARIETTA,GA,30067,7709522395
staystudio6 CONCORD CA,1370 MONUMENT BLVD,CONCORD,CA,94520,9258278998
staystudio6 SAN ANTONIO - LACKLAND AFB,6835 US HWY 90 WEST,SAN ANTONIO,TX,78227,2105563900
staystudio6 ARLINGTON TX,1607 N WATSON RD,ARLINGTON,TX,76006,8176404444
staystudio6 SAN ANTONIO - AIRPORT,11221 SAN PEDRO AVE,SAN ANTONIO,TX,78216,2103424800
staystudio6 DEL RIO,3808 VETERANS BLVD,DEL RIO,TX,78840,8307740006
staystudio6 SWEETWATER TX,501 NE GEORGIA AVE,SWEETWATER,TX,79556,3259334443
staystudio6 FT WORTH - WEST MEDICAL CENTER,7888 I-30 WEST,WHITE SETTLEMENT,TX,76108,8172465511
staystudio6 ROME - SKYTOP,20 CHATEAU DRIVE,ROME,GA,30161,7062912447
staystudio6 CYPRESS CA,5601 LINCOLN AVE,CYPRESS,CA,90630,7148284400
staystudio6 MESA AZ,560 S COUNTRY CLUB DR,MESA,AZ,85210,4809692200
staystudio6 OKLAHOMA CITY - AIRPORT,4601 SW 3RD ST,OKLAHOMA CITY,OK,73128,4059472400
"staystudio6 COLORADO CITY, TX",940 I-20 WEST,COLORADO CITY,TX,79512,3255000012
staystudio6 DALLAS - PLANO MEDICAL CENTER,4704 WEST PLANO PKWY,PLANO,TX,75093,9727588888
staystudio6 STATESBORO GA,126 RUSHING LANE,STATESBORO,GA,30458,9126814663
"staystudio6 SAN MARCOS, TX",2212 NORTH I-35,SAN MARCOS,TX,78666,7372134011
staystudio6 SAN ANTONIO TX - FT SAM HOUSTON AREA,3617 N PAN AM EXPRESSWAY,SAN ANTONIO,TX,78219,2102278888
"staystudio6 NEW BRAUNFELS, TX",1214 N. BUSINESS 35,NEW BRAUNFELS,TX,78130,8306099096
"staystudio6 BUDA, TX",5163 OVERPASS RD,BUDA,TX,78610,5123124506
staystudio6 CHAMBLEE GA,5280 PEACHTREE IND BLVD,CHAMBLEE,GA,30341,6788053400
staystudio6 AUGUSTA GA,3421 WRIGHTSBORO RD,AUGUSTA,GA,30909,7068493100
"staystudio6 YUKON, OK",11435 NW 4TH STREET,YUKON,OK,73099,4052651061
staystudio6 FORT WORTH,4850 NORTH FREEWAY,FORT WORTH,TX,76137,8178348001
staystudio6 DENTON - UNT,700 FORT WORTH DR,DENTON,TX,76201,9403875840
staystudio6 PORTLAND OR,4911 NE 82ND AVE,PORTLAND,OR,97220,5032559771
staystudio6 DALLAS - IRVING DFW AIRPORT EAST,3950 W. AIRPORT FREEWAY,IRVING,TX,75062,9727901950
staystudio6 CHARLOTTE NC,4416 SOUTH TRYON STREET,CHARLOTTE,NC,28217,7045228810
staystudio6 GORMAN - LEBEC,49713 GORMAN POST RD,GORMAN,CA,93243,6612486411
staystudio6 HOUSTON - CLEAR LAKE,15313 GULF FREEWAY,HOUSTON,TX,77034,2814841500
staystudio6 MUSKOGEE,1601 N. 32ND STREET,MUSKOGEE,OK,74401,9189105253
staystudio6 CHATTANOOGA TN,7324 SHALLOWFORD RD,CHATTANOOGA,TN,37421,4238921500
"staystudio6 INDIANAPOLIS, IN",3740 N HIGH SCHOOL RD,INDIANAPOLIS,IN,46224,3172936551
"staystudio6 Austin, TX - Airport",1901 Airport Commerce Drive,Austin,TX,78741,5125800393
"staystudio6 SAVANNAH, GA",60 W MONTGOMERY CROSS RD,SAVANNAH,GA,31406,9129211221
staystudio6 PLEASANTON TX,1167 W. OAKLAWN,PLEASANTON,TX,78064,8305692604
staystudio6 BEEVILLE TX,2180 HIGHWAY 59 EAST,BEEVILLE,TX,78102,3615424020
"staystudio6 TEMPLE, TX",802 NORTH GENERAL BRUCE,TEMPLE,TX,76504,2547713631
"staystudio6 PLANO, TX",1600 N. CENTRAL EXPY,PLANO,TX,75074,2145012343
"staystudio6 ST GEORGE, UT",999 EAST REDHILLS PKWY,ST GEORGE,UT,84770,4356284271
"staystudio6 COMMERCE, CA - LOS ANGELES",7701 E SLAUSON AVE,COMMERCE,CA,90040,3237285165
staystudio6 LUBBOCK TX,2551 S LOOP 289,LUBBOCK,TX,79423,8067451963
"staystudio6 SAN ANTONIO, TX",1500 I-35,SAN ANTONIO,TX,78204,2102713334
"staystudio6 HUNTSVILLE, TX",613 INTERSTATE 45 S,HUNTSVILLE,TX,77340,9362959151
"staystudio6 Corpus Christi, Tx",5850 Williams Dr.,Corpus Christi,TX,78412,3619061500
"staystudio6 PEKIN, IL",2801 COURT ST,PEKIN,IL,61554,3093475533
"staystudio6 DALLAS, TX",10326 FINNELL STREET,DALLAS,TX,75220,2149049666
staystudio6 VICTORVILLE - APPLE VALLEY,16868 STODDARD WELLS RD,VICTORVILLE,CA,92394,7605964000
"staystudio6 MERCED, CA",1213 V ST,MERCED,CA,95341,2097233711
staystudio6 BRYAN TX - TEXAS AVENUE,1601 S TEXAS AVE,BRYAN,TX,77802,9798226196
"staystudio6 Sparks, NV Tahoe Reno Industrial Center",795 USA PARKWAY,MCCARRAN,NV,89434,7754732498
"staystudio6 TYLER, TX",3303 TROUP HIGHWAY,TYLER,TX,75701,9035955188
"staystudio6 CLARION, PA",24 UNITED DRIVE,CLARION,PA,16214,8142268682
"staystudio6 TYLER, TX - NORTHWEST",2739 W NW LOOP 323,TYLER,TX,75702,9035319513
"staystudio6 Burleson, TX",12450 South Freeway,Burleson,TX,76028,8174472000
"staystudio6 LONGVIEW, TX",717 HIGHWAY 31 SOUTH,LONGVIEW,TX,75604,9037578887
"staystudio6 ANAHEIM, CA",1251 N HARBOR BLVD,ANAHEIM,CA,92801,7146356461
"staystudio6 BUTTONWILLOW, CA",20638 TRACY AVE,BUTTONWILLOW,CA,93206,6617645153
"staystudio6 VERO BEACH, FL",8800 20TH ST,VERO BEACH,FL,32966,7725629991
staystudio6 MONROE - WEST MONROE,1501 MLK JR. DRIVE,MONROE,LA,71202,3185378993
"staystudio6 BARSTOW, CA",150 YUCCA AVENUE,BARSTOW,CA,92311,4422959042
"staystudio6 ALEXANDRIA, LA",742 MACARTHUR DRIVE,ALEXANDRIA,LA,71301,3184481611
"staystudio6 ENGLEWOOD, FL",2540 S. MCCALL RD,ENGLEWOOD,FL,34224,9414745544
"staystudio6 Cincinnati - Springdale, OH",11645 Chesterdale Road,Springdale,OH,45246,5137712457
"staystudio6 Lake Charles, LA",2607 Admiral King Street,Lake Charles,LA,70615,3376026475
"staystudio6 Houston, TX - Intercontinental Airport South",6 N Sam Houston Parkway East,Houston,TX,77060,2814476888
staystudio6 FAIRFIELD - NAPA VALLEY CA,4376 CENTRAL PLACE,FAIRFIELD,CA,94534,7078640800
"staystudio6 Houston, TX – East",13213 East Freeway,Houston,TX,77015,8329624906
staystudio6 Little Rock West,10524 West Markham St,Little Rock,AR,72205,5012229251
"staystudio6 HAMPTON, VA - LANGLEY AFB AREA",1616 HARDY CASH DRIVE,HAMPTON,VA,23665,7579512000
"staystudio6 KILLEEN, TX",1502 E. CENTRAL TX EXPY,KILLEEN,TX,76541,2546347795
"staystudio6 Columbus, OH",2084 South Hamilton Road,Columbus,OH,43232,6148648844
"staystudio6 Houston, TX – Spring",415 FM 1960 Road,Houston,TX,77073,2817841112
"staystudio6 New Orleans, LA",12330 I-10 Service Road,New Orleans,LA,70128,5042409778
"staystudio6 Pascagoula, MS",4419 DENNY AVE,PASCAGOULA,MS,39581,2286969011
"staystudio6 Ocean Springs, MS",2873 Bienville Blvd,Ocean Springs,MS,39564,2288750123
"staystudio6 Leesville, LA",1304 Entrance Road,Leesville,LA,71446,3374047581
staystudio6 NIAGARA FALLS,5700 STANLEY AVE,NIAGARA FALLS,ON,L2G 3X5,9053566696
staystudio6 LONDON ONTARIO,810 EXETER RD,LONDON,ON,N6E 1L5,5196800900
staystudio6 HUNTSVILLE,70 HOWLAND DRIVE,HUNTSVILLE,ON,P1H 2P9,7057870118
staystudio6 SASKATOON SK,231 MARQUIS DR,SASKATOON,SK,S7R1B7,3066656688
staystudio6 RED DEER,900-5001 19TH ST,RED DEER,AB,T4R 3R1,4033401749
staystudio6 STONY PLAIN,66 BOULDER BLVD.,STONY PLAIN,AB,T7Z 1V7,7809685123
staystudio6 PETERBOROUGH,133 LANSDOWNE STREET E,PETERBOROUGH,ON,K9J 7P7,7057480550
staystudio6 GRANDE PRAIRIE AB,15402-101 STREET,GRANDE PRAIRIE,AB,T8V 0P7,7808307744
staystudio6 ESTEVAN SK,88 KING ST. EAST,ESTEVAN,SK,S4A2A4,3066348666
staystudio6 KINGSTON ON,1542 ROBINSON COURT,KINGSTON,ON,K7P 0K4,6135076666
staystudio6 BRANDON MB,815 MIDDLETON AVE,BRANDON,MB,R7C 1A8,2047264000
staystudio6 HEADINGLEY-WINNIPEG WEST,4400 PORTAGE AVE,HEADINGLEY,MB,R4H1C6,2048969000
staystudio6 SWIFT CURRENT SK,1185 5TH AVE NE,SWIFT CURRENT,SK,S9H5N7,3067786060
staystudio6 MOOSOMIN SK,405 OGILVIE STREET,MOOSOMIN,SK,S0G3N0,3064353666
staystudio6 REGINA SK,2050 VICTORIA AVE EAST,REGINA,SK,S4N 7B9,3065652251
staystudio6 AIRDRIE AB,133 GATEWAY DRIVE NE,AIRDRIE,AB,T4B 0J6,4039600055
staystudio6 LETHBRIDGE AB,1142 MAYOR MAGRATH DR S.,LETHBRIDGE,AB,T1K 2P8,4033284436
staystudio6 INNISFAIL AB,4512 42ND AVENUE,INNISFAIL,AB,T4G 1P6,4032272214
staystudio6 WINDSOR ON,2000 HURON CHURCH RD,WINDSOR,ON,N9C2L5,5199668811
"staystudio6 KERROBERT, SK",118 PACIFIC AVE,KERROBERT,SK,S0L 1R0,3068342681
staystudio6 TRENTON ON,10 TRENTON STREET,TRENTON,ON,K8V 4M9,6133929291
"staystudio6 FORT ST. JOHN, B.C.",9810 100 ST,FORT ST. JOHN,BC,V1J3Y1,2507856647
"staystudio6 SUDBURY, ON",1222 PIONEER ROAD,SUDBURY,ON,P3G 1A6,7054703004
"staystudio6 FORT NELSON, B.C",4307 50 AVE S,FORT NELSON,BC,VOC 1R0,2507748500
"staystudio6 KAMLOOPS, BC",1763 TRANSCANADA HWY E,KAMLOOPS,BC,3Z6,2503748944
"staystudio6 MONCTON, NB",1905 MAIN STREET WEST,MONCTON,NB,E1E 1H9,5063822587
"staystudio6 CRANBROOK, BC",910 CRANBROOK STREET,CRANBROOK,BC,V1C 3S3,2504266266
"staystudio6 CAMROSE, AB",6216-48 AVE,CAMROSE,AB,T4V 0K6,7806723377
"staystudio6 Victoria Airport - Saanichton, BC",2401 Mount Newton Cross Road,Saanichton,BC,V8M 1T8,2506524464
